item_id,order_id,product_id,quantity,unit_price,discount
1,1,63,4,43361.35,0.02
2,2,36,4,10683.08,0.3
3,2,42,5,27753.97,0.09
4,3,56,2,21104.93,0.12
5,3,58,4,22467.93,0.12
6,4,48,1,49376.61,0.03
7,4,20,1,47303.11,0.03
8,4,61,1,47275.24,0.22
9,5,53,3,11971.79,0.26
10,6,14,4,47317.45,0.07
11,6,28,1,47531.7,0.11
12,6,20,5,47303.11,0.11
13,7,35,1,22789.4,0.05
14,8,19,1,47473.1,0.04
15,8,52,1,17975.29,0.03
16,9,21,3,29407.28,0.23
17,9,48,5,49376.61,0.18
18,9,40,1,39369.21,0.05
19,10,55,3,2713.71,0.06
20,10,63,5,43361.35,0.03
21,10,57,4,37307.7,0.03
22,10,54,5,886.48,0.15
23,11,1,2,6266.08,0.09
24,12,1,4,6266.08,0.22
25,13,10,4,3253.53,0.01
26,13,51,1,1385.43,0.26
27,13,6,5,11766.71,0.13
28,14,3,3,13180.85,0.03
29,14,42,1,27753.97,0.07
30,14,22,5,7809.69,0.12
31,14,59,1,25709.57,0.12
32,15,15,5,49795.78,0.15
33,16,19,3,47473.1,0.06
34,17,58,4,22467.93,0.02
35,17,42,4,27753.97,0.19
36,17,41,3,3522.65,0.18
37,17,20,3,47303.11,0.15
38,18,37,5,29896.58,0.18
39,18,10,4,3253.53,0.14
40,18,12,5,15178.29,0.29
41,19,61,4,47275.24,0.03
42,19,20,3,47303.11,0.29
43,19,8,1,28113.23,0.15
44,20,47,3,42933.47,0.12
45,20,48,3,49376.61,0.2
46,21,50,3,5584.32,0.08
47,22,45,4,7461.95,0.04
48,22,40,1,39369.21,0.09
49,23,47,2,42933.47,0.1
50,23,3,4,13180.85,0.06
51,23,40,2,39369.21,0.05
52,23,24,3,24517.42,0.25
53,24,17,2,26922.58,0.05
54,24,49,5,12606.64,0.24
55,24,20,2,47303.11,0.22
56,25,58,3,22467.93,0.29
57,25,30,4,18429.01,0.27
58,25,31,2,48893.34,0.11
59,26,21,1,29407.28,0.19
60,26,26,3,1731.54,0.17
61,26,18,1,22735.82,0.21
62,26,33,5,9570.45,0.26
63,27,56,2,21104.93,0.25
64,27,12,3,15178.29,0.28
65,28,50,3,5584.32,0.07
66,28,11,3,23265.95,0.28
67,29,37,4,29896.58,0.21
68,30,3,3,13180.85,0.06
69,31,37,2,29896.58,0.09
70,32,15,4,49795.78,0.18
71,33,38,1,2622.87,0.18
72,33,55,2,2713.71,0.17
73,34,3,4,13180.85,0.26
74,35,46,1,29838.48,0.1
75,36,6,5,11766.71,0.1
76,36,46,2,29838.48,0.25
77,37,59,1,25709.57,0.09
78,38,61,3,47275.24,0.11
79,38,33,1,9570.45,0.26
80,38,5,3,18635.53,0.08
81,38,25,3,46957.75,0.13
82,39,64,4,15150.35,0.02
83,39,48,5,49376.61,0.3
84,39,35,2,22789.4,0.16
85,39,11,3,23265.95,0.03
86,40,22,1,7809.69,0.22
87,40,57,3,37307.7,0.18
88,40,45,4,7461.95,0.08
89,40,58,1,22467.93,0.02
90,41,19,5,47473.1,0.2
91,42,47,5,42933.47,0.05
92,42,50,4,5584.32,0.28
93,42,5,3,18635.53,0.13
94,43,41,1,3522.65,0.22
95,43,36,4,10683.08,0.16
96,43,32,5,3120.45,0.04
97,43,15,3,49795.78,0.21
98,44,18,1,22735.82,0.14
99,45,38,3,2622.87,0.26
100,46,26,2,1731.54,0.07
101,47,17,4,26922.58,0.3
102,47,12,4,15178.29,0.16
103,47,9,4,30542.1,0.25
104,47,40,1,39369.21,0.04
105,48,17,5,26922.58,0.27
106,48,24,1,24517.42,0.25
107,48,56,5,21104.93,0.05
108,49,11,5,23265.95,0.08
109,49,33,3,9570.45,0.18
110,49,26,1,1731.54,0.15
111,50,6,1,11766.71,0.28
112,50,4,5,41137.62,0.08
113,50,11,2,23265.95,0.23
114,51,62,3,36388.43,0.14
115,51,32,1,3120.45,0.05
116,51,52,4,17975.29,0.15
117,52,45,3,7461.95,0.15
118,52,52,1,17975.29,0.1
119,52,17,4,26922.58,0.04
120,53,50,2,5584.32,0.24
121,53,54,5,886.48,0.22
122,53,32,2,3120.45,0.23
123,54,3,2,13180.85,0.06
124,54,12,3,15178.29,0.01
125,54,51,3,1385.43,0.15
126,54,59,4,25709.57,0.09
127,55,52,4,17975.29,0.02
128,55,47,5,42933.47,0.06
129,55,6,5,11766.71,0.09
130,56,17,1,26922.58,0.12
131,57,6,4,11766.71,0.16
132,57,5,2,18635.53,0.18
133,57,18,5,22735.82,0.04
134,57,43,5,10874.97,0.1
135,58,39,3,12253.09,0.2
136,58,61,4,47275.24,0.18
137,58,3,1,13180.85,0.18
138,58,48,3,49376.61,0.29
139,59,22,1,7809.69,0.17
140,59,49,1,12606.64,0.06
141,59,19,4,47473.1,0.09
142,59,32,2,3120.45,0.12
143,60,18,5,22735.82,0.06
144,61,23,5,32779.6,0.11
145,61,59,3,25709.57,0.18
146,61,44,2,11725.63,0.29
147,62,27,4,10940.76,0.1
148,62,63,3,43361.35,0.09
149,62,41,5,3522.65,0.2
150,63,37,1,29896.58,0.1
151,64,35,1,22789.4,0.18
152,64,18,5,22735.82,0.07
153,65,13,4,5921.13,0.1
154,66,61,3,47275.24,0.09
155,66,62,1,36388.43,0.27
156,66,26,1,1731.54,0.2
157,66,37,2,29896.58,0.16
158,67,51,4,1385.43,0.06
159,68,43,3,10874.97,0.14
160,69,35,2,22789.4,0.22
161,69,25,3,46957.75,0.22
162,69,15,1,49795.78,0.22
163,69,43,3,10874.97,0.17
164,70,42,2,27753.97,0.29
165,70,12,4,15178.29,0.1
166,70,52,2,17975.29,0
167,70,13,4,5921.13,0.07
168,71,47,1,42933.47,0.14
169,71,31,2,48893.34,0.12
170,71,8,5,28113.23,0.28
171,72,29,4,18197.03,0.05
172,72,18,5,22735.82,0.11
173,73,11,5,23265.95,0.21
174,73,58,1,22467.93,0.28
175,74,22,5,7809.69,0.13
176,74,42,2,27753.97,0.22
177,75,17,5,26922.58,0.14
178,75,54,3,886.48,0.22
179,75,59,4,25709.57,0.08
180,75,8,1,28113.23,0.22
181,76,8,1,28113.23,0.3
182,77,54,4,886.48,0.13
183,77,48,4,49376.61,0.11
184,78,23,5,32779.6,0.12
185,79,55,4,2713.71,0.1
186,79,49,3,12606.64,0.06
187,79,30,1,18429.01,0.01
188,79,32,4,3120.45,0.18
189,80,58,5,22467.93,0.2
190,81,28,2,47531.7,0.15
191,81,8,3,28113.23,0.07
192,82,39,5,12253.09,0.07
193,82,19,3,47473.1,0.08
194,83,45,4,7461.95,0.24
195,84,49,2,12606.64,0.25
196,84,24,3,24517.42,0.26
197,84,61,2,47275.24,0.24
198,85,32,1,3120.45,0.28
199,85,33,3,9570.45,0.03
200,85,27,2,10940.76,0.02
201,85,43,4,10874.97,0.2
202,86,27,2,10940.76,0.28
203,86,43,1,10874.97,0.22
204,86,39,4,12253.09,0.27
205,86,2,5,33673.14,0.21
206,87,60,3,22654.07,0.15
207,87,46,4,29838.48,0.14
208,87,40,4,39369.21,0.23
209,87,34,3,47454.64,0.27
210,88,3,5,13180.85,0.28
211,88,34,5,47454.64,0.22
212,89,32,4,3120.45,0.29
213,89,64,4,15150.35,0.14
214,89,44,3,11725.63,0.05
215,89,33,5,9570.45,0.15
216,90,7,1,31014.39,0.12
217,91,59,1,25709.57,0.19
218,91,48,5,49376.61,0.27
219,92,3,5,13180.85,0.22
220,93,14,5,47317.45,0.04
221,93,13,2,5921.13,0.19
222,94,52,2,17975.29,0.09
223,94,59,1,25709.57,0.2
224,94,32,1,3120.45,0.03
225,95,22,1,7809.69,0.15
226,96,30,2,18429.01,0.27
227,97,36,5,10683.08,0.17
228,98,51,3,1385.43,0.05
229,98,10,2,3253.53,0.17
230,99,11,1,23265.95,0.03
231,99,45,2,7461.95,0.25
232,100,4,4,41137.62,0.07
233,100,35,5,22789.4,0.28
234,100,58,4,22467.93,0.06
235,101,10,3,3253.53,0.05
236,101,11,2,23265.95,0.22
237,102,57,1,37307.7,0.04
238,102,47,2,42933.47,0.13
239,102,35,5,22789.4,0.17
240,103,42,4,27753.97,0
241,104,49,2,12606.64,0.08
242,104,22,3,7809.69,0.15
243,105,62,3,36388.43,0.28
244,105,10,4,3253.53,0.18
245,105,47,2,42933.47,0.14
246,106,43,3,10874.97,0.1
247,106,57,2,37307.7,0.14
248,106,56,2,21104.93,0.29
249,106,18,3,22735.82,0.09
250,107,49,3,12606.64,0.03
251,107,36,5,10683.08,0.06
252,107,51,5,1385.43,0.05
253,108,38,2,2622.87,0.19
254,108,9,2,30542.1,0.08
255,108,53,2,11971.79,0.21
256,108,64,4,15150.35,0.02
257,109,47,5,42933.47,0.18
258,110,52,3,17975.29,0.29
259,111,29,3,18197.03,0.12
260,111,58,5,22467.93,0.21
261,112,54,2,886.48,0.1
262,112,11,3,23265.95,0.14
263,112,15,2,49795.78,0.16
264,113,9,1,30542.1,0.01
265,113,39,3,12253.09,0.19
266,113,6,2,11766.71,0.28
267,114,55,4,2713.71,0.19
268,114,60,2,22654.07,0.19
269,114,30,4,18429.01,0.12
270,115,1,1,6266.08,0.17
271,115,28,5,47531.7,0.06
272,115,27,3,10940.76,0.06
273,115,36,1,10683.08,0.08
274,116,15,5,49795.78,0.05
275,116,45,3,7461.95,0.28
276,116,46,5,29838.48,0.03
277,116,59,2,25709.57,0.09
278,117,50,5,5584.32,0.04
279,117,54,4,886.48,0.13
280,118,37,4,29896.58,0.19
281,118,18,3,22735.82,0.29
282,118,24,4,24517.42,0.04
283,118,41,4,3522.65,0.29
284,119,57,5,37307.7,0.01
285,119,63,2,43361.35,0.09
286,119,22,3,7809.69,0.07
287,119,11,3,23265.95,0.05
288,120,35,5,22789.4,0.25
289,121,14,4,47317.45,0.08
290,121,32,1,3120.45,0.13
291,121,39,1,12253.09,0.23
292,121,5,2,18635.53,0.06
293,122,18,2,22735.82,0.24
294,122,27,5,10940.76,0.11
295,123,38,2,2622.87,0.29
296,123,35,4,22789.4,0.28
297,123,13,3,5921.13,0.26
298,124,32,2,3120.45,0.17
299,124,51,3,1385.43,0.19
300,124,63,4,43361.35,0.14
301,125,59,5,25709.57,0
302,125,63,1,43361.35,0.22
303,125,42,4,27753.97,0.19
304,126,55,4,2713.71,0.08
305,126,28,3,47531.7,0.1
306,127,6,1,11766.71,0.19
307,128,1,3,6266.08,0.05
308,128,55,3,2713.71,0.03
309,128,26,3,1731.54,0.08
310,128,17,3,26922.58,0.2
311,129,55,1,2713.71,0
312,129,12,4,15178.29,0.02
313,130,44,1,11725.63,0.3
314,131,50,1,5584.32,0.03
315,131,12,3,15178.29,0.26
316,132,22,4,7809.69,0.11
317,133,12,2,15178.29,0.23
318,133,13,5,5921.13,0.22
319,134,11,1,23265.95,0.25
320,134,32,3,3120.45,0.06
321,134,37,5,29896.58,0.15
322,135,50,5,5584.32,0.02
323,135,15,1,49795.78,0.3
324,135,31,3,48893.34,0.04
325,135,64,5,15150.35,0.13
326,136,9,1,30542.1,0.08
327,137,55,3,2713.71,0.03
328,137,52,1,17975.29,0.15
329,137,11,2,23265.95,0.29
330,137,20,2,47303.11,0.16
331,138,8,1,28113.23,0.28
332,138,32,1,3120.45,0.14
333,139,18,1,22735.82,0.05
334,140,17,1,26922.58,0.1
335,140,35,4,22789.4,0.08
336,140,16,1,4948.88,0.08
337,141,8,3,28113.23,0.05
338,141,64,1,15150.35,0.27
339,141,22,1,7809.69,0.07
340,142,61,3,47275.24,0.11
341,143,42,4,27753.97,0.27
342,143,32,3,3120.45,0.08
343,144,29,4,18197.03,0.02
344,144,6,4,11766.71,0.26
345,145,48,2,49376.61,0.09
346,146,26,4,1731.54,0.01
347,146,32,5,3120.45,0.1
348,146,20,1,47303.11,0.29
349,146,1,1,6266.08,0.23
350,147,63,1,43361.35,0.01
351,147,8,2,28113.23,0.27
352,147,19,5,47473.1,0.12
353,147,36,3,10683.08,0.14
354,148,10,2,3253.53,0.09
355,148,8,3,28113.23,0.28
356,148,56,4,21104.93,0.21
357,148,17,3,26922.58,0.1
358,149,20,1,47303.11,0.05
359,150,58,4,22467.93,0.08
360,150,40,1,39369.21,0.03
361,151,19,3,47473.1,0.12
362,151,12,1,15178.29,0.2
363,151,32,3,3120.45,0.25
364,152,60,1,22654.07,0.24
365,153,26,3,1731.54,0.21
366,153,52,1,17975.29,0.17
367,154,17,1,26922.58,0.28
368,154,12,1,15178.29,0.05
369,154,43,5,10874.97,0.13
370,154,16,4,4948.88,0.15
371,155,24,3,24517.42,0.13
372,155,36,2,10683.08,0.01
373,156,62,4,36388.43,0.04
374,156,8,2,28113.23,0.19
375,156,12,5,15178.29,0.07
376,156,36,5,10683.08,0.24
377,157,42,2,27753.97,0.01
378,157,50,5,5584.32,0.07
379,157,35,3,22789.4,0.02
380,158,13,2,5921.13,0.08
381,158,32,1,3120.45,0.23
382,159,31,3,48893.34,0.27
383,159,41,1,3522.65,0.21
384,160,40,1,39369.21,0.02
385,160,23,5,32779.6,0.07
386,160,63,5,43361.35,0.14
387,160,5,3,18635.53,0.28
388,161,3,2,13180.85,0.18
389,162,51,3,1385.43,0.1
390,162,13,2,5921.13,0.22
391,162,44,4,11725.63,0.24
392,163,23,3,32779.6,0.22
393,163,49,3,12606.64,0.04
394,164,41,5,3522.65,0.03
395,164,29,4,18197.03,0.04
396,165,12,4,15178.29,0
397,165,43,2,10874.97,0.07
398,166,50,4,5584.32,0.22
399,167,13,4,5921.13,0.02
400,167,62,1,36388.43,0.09
401,167,29,3,18197.03,0.08
402,167,21,1,29407.28,0.02
403,168,62,2,36388.43,0.18
404,168,4,4,41137.62,0.05
405,168,56,1,21104.93,0.1
406,169,39,1,12253.09,0.12
407,169,31,5,48893.34,0.25
408,169,13,2,5921.13,0.02
409,170,13,2,5921.13,0.05
410,170,4,3,41137.62,0.29
411,171,34,3,47454.64,0.27
412,171,12,3,15178.29,0.06
413,171,50,1,5584.32,0.08
414,171,24,4,24517.42,0.08
415,172,45,5,7461.95,0.12
416,173,54,1,886.48,0.12
417,173,61,1,47275.24,0.15
418,173,31,5,48893.34,0.24
419,173,39,5,12253.09,0.04
420,174,17,4,26922.58,0.02
421,174,6,4,11766.71,0.06
422,175,12,4,15178.29,0.17
423,176,54,1,886.48,0.12
424,177,13,3,5921.13,0.26
425,178,5,2,18635.53,0.19
426,178,23,4,32779.6,0.01
427,178,36,3,10683.08,0.21
428,178,52,1,17975.29,0.22
429,179,36,2,10683.08,0.04
430,179,63,4,43361.35,0.23
431,179,13,3,5921.13,0.08
432,180,53,5,11971.79,0.26
433,180,63,1,43361.35,0.15
434,181,4,2,41137.62,0.26
435,181,23,2,32779.6,0.25
436,182,36,4,10683.08,0.15
437,182,48,1,49376.61,0.2
438,183,61,3,47275.24,0.05
439,183,45,3,7461.95,0.22
440,184,21,5,29407.28,0.23
441,185,3,2,13180.85,0.18
442,185,2,1,33673.14,0.07
443,185,61,5,47275.24,0.24
444,185,17,3,26922.58,0.21
445,186,59,4,25709.57,0.09
446,186,33,5,9570.45,0.25
447,186,28,4,47531.7,0.18
448,187,14,3,47317.45,0.3
449,187,62,3,36388.43,0.26
450,187,9,3,30542.1,0.2
451,188,52,3,17975.29,0.2
452,189,52,3,17975.29,0.22
453,189,50,2,5584.32,0.21
454,189,5,4,18635.53,0.27
455,189,25,3,46957.75,0.15
456,190,61,2,47275.24,0.22
457,191,46,3,29838.48,0.13
458,191,29,3,18197.03,0.11
459,192,10,4,3253.53,0.27
460,193,7,3,31014.39,0.12
461,193,20,5,47303.11,0.27
462,193,18,4,22735.82,0.04
463,193,26,2,1731.54,0.23
464,194,58,3,22467.93,0.06
465,195,17,5,26922.58,0.13
466,196,5,5,18635.53,0.06
467,197,1,2,6266.08,0.07
468,198,22,3,7809.69,0.28
469,198,9,4,30542.1,0.22
470,198,6,5,11766.71,0.16
471,199,25,1,46957.75,0.07
472,199,22,2,7809.69,0.06
473,199,52,1,17975.29,0.18
474,200,7,1,31014.39,0.21
475,200,14,4,47317.45,0.13
476,200,3,1,13180.85,0.16
477,201,54,5,886.48,0.18
478,201,13,2,5921.13,0.13
479,201,35,1,22789.4,0.15
480,202,26,3,1731.54,0.05
481,202,34,5,47454.64,0.15
482,202,46,2,29838.48,0.21
483,202,53,4,11971.79,0.1
484,203,12,1,15178.29,0.27
485,203,10,2,3253.53,0.14
486,204,6,3,11766.71,0.24
487,204,38,3,2622.87,0.13
488,205,43,4,10874.97,0.29
489,205,46,3,29838.48,0.26
490,206,52,4,17975.29,0.24
491,206,59,2,25709.57,0.03
492,206,35,1,22789.4,0.29
493,206,50,2,5584.32,0.03
494,207,46,4,29838.48,0.03
495,207,4,4,41137.62,0.13
496,207,17,1,26922.58,0.08
497,207,62,3,36388.43,0
498,208,13,4,5921.13,0.1
499,208,56,4,21104.93,0.04
500,208,32,5,3120.45,0.27
501,209,22,2,7809.69,0.1
502,209,10,3,3253.53,0.02
503,209,63,2,43361.35,0.17
504,209,42,4,27753.97,0.12
505,210,64,4,15150.35,0.09
506,211,5,5,18635.53,0.17
507,211,1,4,6266.08,0.29
508,211,12,3,15178.29,0.25
509,211,39,2,12253.09,0.25
510,212,58,2,22467.93,0
511,212,15,3,49795.78,0.25
512,212,13,3,5921.13,0.16
513,213,18,5,22735.82,0.06
514,213,53,1,11971.79,0.28
515,213,14,4,47317.45,0.06
516,213,33,2,9570.45,0.22
517,214,59,5,25709.57,0.22
518,214,18,5,22735.82,0.28
519,214,64,5,15150.35,0.14
520,214,1,5,6266.08,0.23
521,215,50,5,5584.32,0.18
522,216,51,4,1385.43,0.24
523,216,44,2,11725.63,0.12
524,216,38,5,2622.87,0.09
525,217,27,3,10940.76,0.28
526,217,38,2,2622.87,0.29
527,218,46,5,29838.48,0.14
528,219,2,2,33673.14,0.02
529,219,14,1,47317.45,0.06
530,219,4,2,41137.62,0.3
531,219,49,3,12606.64,0.04
532,220,58,5,22467.93,0.12
533,220,14,5,47317.45,0.24
534,220,29,3,18197.03,0.21
535,221,2,3,33673.14,0.06
536,222,38,2,2622.87,0.3
537,222,58,1,22467.93,0.06
538,223,36,5,10683.08,0.25
539,223,34,1,47454.64,0.1
540,223,17,2,26922.58,0.01
541,223,21,3,29407.28,0.18
542,224,10,2,3253.53,0.16
543,224,41,5,3522.65,0.05
544,224,29,5,18197.03,0.16
545,225,47,5,42933.47,0.16
546,225,38,5,2622.87,0.25
547,225,28,1,47531.7,0.03
548,226,42,4,27753.97,0.27
549,227,48,5,49376.61,0.24
550,228,11,5,23265.95,0.16
551,228,13,1,5921.13,0.06
552,228,22,2,7809.69,0.26
553,229,20,1,47303.11,0.14
554,230,33,5,9570.45,0.25
555,230,10,3,3253.53,0.12
556,231,50,1,5584.32,0.16
557,232,46,5,29838.48,0.03
558,233,49,2,12606.64,0.16
559,233,51,2,1385.43,0.22
560,233,4,5,41137.62,0.09
561,233,61,2,47275.24,0.09
562,234,6,1,11766.71,0.17
563,235,45,4,7461.95,0.27
564,235,28,5,47531.7,0.04
565,236,24,5,24517.42,0.26
566,237,9,2,30542.1,0.22
567,237,33,4,9570.45,0.29
568,237,13,3,5921.13,0.04
569,238,41,4,3522.65,0.1
570,238,63,3,43361.35,0.21
571,239,22,2,7809.69,0.21
572,239,1,4,6266.08,0.08
573,239,41,3,3522.65,0.04
574,239,32,3,3120.45,0.26
575,240,23,5,32779.6,0.02
576,241,10,1,3253.53,0.25
577,242,5,5,18635.53,0.27
578,242,34,5,47454.64,0.14
579,243,18,4,22735.82,0.11
580,243,60,1,22654.07,0.2
581,243,12,5,15178.29,0.21
582,244,19,3,47473.1,0.01
583,244,62,4,36388.43,0.07
584,245,50,1,5584.32,0.01
585,245,61,3,47275.24,0.03
586,245,59,5,25709.57,0.19
587,246,49,4,12606.64,0.29
588,246,47,2,42933.47,0.15
589,246,10,3,3253.53,0.25
590,246,33,3,9570.45,0.15
591,247,22,2,7809.69,0.05
592,247,30,2,18429.01,0.11
593,247,10,1,3253.53,0.2
594,247,36,4,10683.08,0.24
595,248,21,1,29407.28,0.07
596,248,53,2,11971.79,0.17
597,249,22,3,7809.69,0.28
598,250,11,5,23265.95,0.3
599,250,28,4,47531.7,0.05
600,250,58,4,22467.93,0.18
601,251,44,5,11725.63,0.18
602,251,59,2,25709.57,0.11
603,252,13,4,5921.13,0.27
604,252,23,5,32779.6,0.01
605,253,1,5,6266.08,0.13
606,253,56,1,21104.93,0.21
607,254,55,2,2713.71,0.08
608,255,25,5,46957.75,0
609,255,1,2,6266.08,0.21
610,255,16,3,4948.88,0.12
611,256,55,4,2713.71,0.23
612,256,47,4,42933.47,0.17
613,256,36,5,10683.08,0.14
614,257,45,1,7461.95,0.22
615,257,51,4,1385.43,0.23
616,257,18,2,22735.82,0.03
617,258,50,1,5584.32,0.25
618,258,1,4,6266.08,0.28
619,259,11,4,23265.95,0.18
620,259,5,5,18635.53,0.09
621,259,50,5,5584.32,0.02
622,260,37,1,29896.58,0.24
623,260,25,5,46957.75,0.15
624,261,1,1,6266.08,0.3
625,261,21,4,29407.28,0.11
626,262,12,5,15178.29,0.09
627,263,25,4,46957.75,0.17
628,263,59,3,25709.57,0.05
629,264,15,4,49795.78,0.17
630,264,33,2,9570.45,0.23
631,264,57,4,37307.7,0.2
632,265,49,2,12606.64,0.2
633,266,32,4,3120.45,0.2
634,266,37,3,29896.58,0.02
635,266,12,2,15178.29,0.14
636,267,64,2,15150.35,0.22
637,267,26,3,1731.54,0.06
638,268,16,1,4948.88,0.2
639,269,48,4,49376.61,0.05
640,269,41,5,3522.65,0.08
641,269,64,2,15150.35,0.23
642,269,36,2,10683.08,0.02
643,270,23,1,32779.6,0
644,270,59,2,25709.57,0.11
645,270,16,1,4948.88,0.1
646,270,41,5,3522.65,0.26
647,271,44,4,11725.63,0.06
648,271,47,3,42933.47,0.11
649,271,24,4,24517.42,0.08
650,271,64,2,15150.35,0.17
651,272,56,2,21104.93,0.04
652,272,49,2,12606.64,0.14
653,273,63,5,43361.35,0.26
654,273,39,1,12253.09,0.12
655,273,33,2,9570.45,0.02
656,274,47,1,42933.47,0.12
657,274,33,3,9570.45,0.26
658,274,45,5,7461.95,0.06
659,275,42,1,27753.97,0.11
660,275,63,3,43361.35,0.14
661,275,58,2,22467.93,0.26
662,276,11,2,23265.95,0.1
663,277,57,4,37307.7,0.05
664,277,47,1,42933.47,0.04
665,277,58,2,22467.93,0.2
666,278,14,5,47317.45,0.02
667,278,13,4,5921.13,0.16
668,278,9,1,30542.1,0.03
669,278,61,5,47275.24,0.05
670,279,57,1,37307.7,0.01
671,279,17,3,26922.58,0.26
672,279,22,3,7809.69,0.26
673,280,23,5,32779.6,0.13
674,280,59,5,25709.57,0.09
675,281,40,2,39369.21,0.09
676,281,47,1,42933.47,0.16
677,281,53,2,11971.79,0.1
678,281,34,4,47454.64,0.16
679,282,38,2,2622.87,0.12
680,282,30,5,18429.01,0.13
681,282,1,2,6266.08,0.05
682,282,48,4,49376.61,0.25
683,283,37,2,29896.58,0.26
684,283,35,2,22789.4,0.04
685,283,53,1,11971.79,0.19
686,284,42,2,27753.97,0.01
687,284,3,5,13180.85,0.01
688,285,30,1,18429.01,0.05
689,286,48,1,49376.61,0.25
690,286,60,2,22654.07,0.02
691,286,5,4,18635.53,0.02
692,286,43,4,10874.97,0.05
693,287,57,4,37307.7,0.22
694,287,32,1,3120.45,0.16
695,287,5,2,18635.53,0.14
696,287,26,3,1731.54,0.28
697,288,62,3,36388.43,0.27
698,288,39,2,12253.09,0.29
699,288,26,2,1731.54,0.19
700,289,32,5,3120.45,0.05
701,289,2,1,33673.14,0.07
702,289,6,4,11766.71,0.03
703,289,61,5,47275.24,0.1
704,290,14,4,47317.45,0.07
705,290,17,5,26922.58,0.24
706,291,46,4,29838.48,0.21
707,291,18,5,22735.82,0.09
708,291,33,4,9570.45,0.06
709,291,6,2,11766.71,0.16
710,292,20,4,47303.11,0.09
711,293,24,3,24517.42,0.22
712,293,3,5,13180.85,0.25
713,293,47,2,42933.47,0.16
714,293,31,4,48893.34,0.23
715,294,15,1,49795.78,0.25
716,294,13,2,5921.13,0.05
717,294,9,1,30542.1,0.06
718,295,33,5,9570.45,0.22
719,295,7,1,31014.39,0.28
720,295,47,2,42933.47,0.2
721,295,29,1,18197.03,0.14
722,296,8,1,28113.23,0.25
723,296,35,1,22789.4,0.28
724,296,6,5,11766.71,0.03
725,297,32,5,3120.45,0.22
726,297,23,4,32779.6,0.22
727,298,14,5,47317.45,0.1
728,298,22,2,7809.69,0.16
729,298,24,5,24517.42,0.13
730,298,52,3,17975.29,0.27
731,299,31,5,48893.34,0.28
732,299,28,3,47531.7,0.11
733,299,49,4,12606.64,0.13
734,300,39,3,12253.09,0.3
735,300,1,2,6266.08,0.26
736,301,5,4,18635.53,0.11
737,302,33,1,9570.45,0.17
738,302,39,5,12253.09,0.28
739,303,13,1,5921.13,0.23
740,303,39,3,12253.09,0.1
741,303,5,4,18635.53,0.12
742,303,49,1,12606.64,0.26
743,304,40,5,39369.21,0.01
744,305,7,4,31014.39,0.23
745,305,51,5,1385.43,0.15
746,306,44,4,11725.63,0.17
747,306,11,1,23265.95,0.16
748,307,18,5,22735.82,0.06
749,307,62,4,36388.43,0.2
750,308,10,4,3253.53,0.1
751,308,35,5,22789.4,0.03
752,309,42,5,27753.97,0.2
753,309,45,3,7461.95,0.05
754,310,6,2,11766.71,0.23
755,310,30,1,18429.01,0.03
756,310,26,1,1731.54,0.07
757,310,48,5,49376.61,0.28
758,311,61,5,47275.24,0.06
759,311,3,5,13180.85,0.16
760,311,43,3,10874.97,0.16
761,311,27,5,10940.76,0.22
762,312,22,2,7809.69,0.24
763,312,8,5,28113.23,0.08
764,312,37,4,29896.58,0.2
765,313,3,3,13180.85,0.26
766,314,63,2,43361.35,0.15
767,314,12,4,15178.29,0.17
768,314,24,1,24517.42,0.01
769,315,3,3,13180.85,0.11
770,315,45,3,7461.95,0.07
771,316,36,2,10683.08,0.05
772,317,54,5,886.48,0.05
773,317,31,3,48893.34,0.27
774,318,26,3,1731.54,0.21
775,318,18,5,22735.82,0.27
776,319,16,2,4948.88,0.1
777,320,57,2,37307.7,0.03
778,320,36,2,10683.08,0.01
779,320,20,5,47303.11,0.19
780,321,4,1,41137.62,0.21
781,321,46,4,29838.48,0.04
782,322,61,2,47275.24,0.01
783,322,18,1,22735.82,0.28
784,322,21,4,29407.28,0.07
785,322,25,2,46957.75,0.23
786,323,59,4,25709.57,0.23
787,323,32,5,3120.45,0.22
788,323,55,4,2713.71,0.22
789,324,58,4,22467.93,0.25
790,325,50,5,5584.32,0.23
791,326,37,4,29896.58,0.09
792,326,60,1,22654.07,0.21
793,326,22,2,7809.69,0.14
794,327,18,4,22735.82,0.1
795,327,51,1,1385.43,0.05
796,328,42,1,27753.97,0.03
797,328,21,4,29407.28,0.19
798,328,16,1,4948.88,0.16
799,329,6,2,11766.71,0.26
800,329,22,2,7809.69,0.23
801,329,43,1,10874.97,0.13
802,329,20,3,47303.11,0.22
803,330,1,1,6266.08,0.14
804,330,33,4,9570.45,0.16
805,331,59,5,25709.57,0.18
806,331,53,2,11971.79,0.26
807,331,57,3,37307.7,0.19
808,331,11,5,23265.95,0.25
809,332,5,3,18635.53,0.28
810,332,19,1,47473.1,0.03
811,332,39,2,12253.09,0.05
812,333,47,3,42933.47,0.11
813,333,5,4,18635.53,0.25
814,333,12,4,15178.29,0.25
815,333,39,1,12253.09,0.09
816,334,27,1,10940.76,0.17
817,334,8,5,28113.23,0.3
818,335,34,5,47454.64,0.17
819,335,46,5,29838.48,0.22
820,335,17,4,26922.58,0.15
821,336,16,1,4948.88,0.14
822,337,43,3,10874.97,0.17
823,338,9,5,30542.1,0.16
824,338,40,1,39369.21,0.03
825,338,39,3,12253.09,0.1
826,339,43,4,10874.97,0.27
827,339,44,1,11725.63,0.19
828,340,53,5,11971.79,0.16
829,340,8,2,28113.23,0.17
830,340,39,3,12253.09,0.24
831,340,41,3,3522.65,0.02
832,341,50,5,5584.32,0.04
833,341,24,3,24517.42,0.21
834,342,64,2,15150.35,0.11
835,343,48,1,49376.61,0.23
836,344,25,4,46957.75,0.22
837,344,44,5,11725.63,0.09
838,345,5,4,18635.53,0.21
839,345,59,5,25709.57,0.03
840,346,6,5,11766.71,0.23
841,346,14,2,47317.45,0.1
842,346,40,2,39369.21,0.09
843,346,3,5,13180.85,0.1
844,347,36,1,10683.08,0.29
845,347,15,5,49795.78,0.15
846,348,19,2,47473.1,0.02
847,348,37,5,29896.58,0.27
848,348,32,5,3120.45,0.13
849,349,7,2,31014.39,0.21
850,349,12,5,15178.29,0.19
851,349,55,4,2713.71,0.18
852,349,51,3,1385.43,0.1
853,350,12,1,15178.29,0.14
854,350,60,4,22654.07,0.14
855,351,24,4,24517.42,0.01
856,351,43,4,10874.97,0.03
857,351,42,4,27753.97,0.14
858,351,59,2,25709.57,0.08
859,352,14,5,47317.45,0.14
860,352,42,5,27753.97,0.12
861,352,10,5,3253.53,0.07
862,352,39,2,12253.09,0.29
863,353,44,5,11725.63,0.25
864,353,31,1,48893.34,0.18
865,353,23,4,32779.6,0.1
866,353,10,1,3253.53,0.25
867,354,42,2,27753.97,0.25
868,354,64,5,15150.35,0.27
869,354,8,1,28113.23,0.23
870,354,12,2,15178.29,0.14
871,355,27,3,10940.76,0.17
872,355,41,3,3522.65,0.28
873,356,17,5,26922.58,0.29
874,356,38,1,2622.87,0.21
875,356,8,3,28113.23,0.03
876,356,48,3,49376.61,0.26
877,357,52,2,17975.29,0.14
878,357,49,2,12606.64,0.17
879,357,56,3,21104.93,0.25
880,357,28,2,47531.7,0.09
881,358,19,4,47473.1,0.2
882,359,24,4,24517.42,0.11
883,359,59,2,25709.57,0.13
884,359,55,1,2713.71,0.17
885,359,58,2,22467.93,0.21
886,360,5,5,18635.53,0.14
887,361,36,5,10683.08,0.02
888,361,60,5,22654.07,0.03
889,362,44,5,11725.63,0.23
890,363,46,5,29838.48,0.22
891,363,38,5,2622.87,0.08
892,363,22,4,7809.69,0.17
893,363,5,5,18635.53,0.02
894,364,17,5,26922.58,0.02
895,365,33,5,9570.45,0.05
896,365,2,5,33673.14,0.22
897,365,15,4,49795.78,0.11
898,366,44,1,11725.63,0.29
899,367,57,2,37307.7,0.17
900,367,22,3,7809.69,0.02
901,368,61,4,47275.24,0.14
902,368,39,2,12253.09,0.16
903,368,30,4,18429.01,0
904,368,49,4,12606.64,0.11
905,369,35,5,22789.4,0.12
906,369,43,2,10874.97,0.22
907,369,13,5,5921.13,0.23
908,369,33,5,9570.45,0.1
909,370,9,1,30542.1,0.12
910,371,33,1,9570.45,0.19
911,371,25,1,46957.75,0.28
912,371,5,2,18635.53,0.29
913,372,24,4,24517.42,0.2
914,372,15,1,49795.78,0.19
915,372,33,3,9570.45,0.23
916,372,38,3,2622.87,0.08
917,373,43,4,10874.97,0.02
918,373,8,2,28113.23,0.18
919,373,34,2,47454.64,0.19
920,373,23,1,32779.6,0.04
921,374,34,1,47454.64,0.17
922,374,14,3,47317.45,0.23
923,374,5,1,18635.53,0.27
924,374,10,2,3253.53,0.2
925,375,51,4,1385.43,0.13
926,375,1,1,6266.08,0.16
927,375,63,1,43361.35,0.12
928,376,39,1,12253.09,0.11
929,376,52,3,17975.29,0.02
930,376,8,4,28113.23,0.23
931,377,25,3,46957.75,0.15
932,377,39,4,12253.09,0.22
933,377,50,2,5584.32,0.01
934,377,14,1,47317.45,0.22
935,378,64,1,15150.35,0.1
936,378,58,3,22467.93,0.24
937,378,3,1,13180.85,0.12
938,379,10,2,3253.53,0.15
939,379,5,1,18635.53,0.14
940,380,7,1,31014.39,0.14
941,380,40,2,39369.21,0.25
942,381,26,4,1731.54,0.1
943,382,42,1,27753.97,0.18
944,382,28,3,47531.7,0.02
945,383,57,5,37307.7,0.01
946,383,32,1,3120.45,0.24
947,384,11,5,23265.95,0.27
948,384,1,4,6266.08,0.21
949,384,23,4,32779.6,0.21
950,384,12,2,15178.29,0.04
951,385,5,4,18635.53,0.18
952,385,24,1,24517.42,0.19
953,386,16,5,4948.88,0.11
954,386,13,5,5921.13,0.15
955,387,15,4,49795.78,0.15
956,387,20,2,47303.11,0.2
957,388,33,1,9570.45,0.22
958,388,43,5,10874.97,0.05
959,388,59,1,25709.57,0.15
960,388,6,1,11766.71,0.02
961,389,26,3,1731.54,0.07
962,389,42,2,27753.97,0.22
963,389,30,2,18429.01,0.11
964,389,15,2,49795.78,0.02
965,390,59,4,25709.57,0.11
966,390,23,4,32779.6,0.22
967,391,5,3,18635.53,0.04
968,391,8,4,28113.23,0.14
969,392,30,4,18429.01,0.26
970,392,12,4,15178.29,0.26
971,393,55,2,2713.71,0.07
972,394,54,1,886.48,0.01
973,395,13,1,5921.13,0.17
974,395,58,1,22467.93,0.21
975,395,64,4,15150.35,0.28
976,395,31,2,48893.34,0.11
977,396,21,4,29407.28,0.14
978,396,59,2,25709.57,0.26
979,396,4,4,41137.62,0.06
980,397,43,3,10874.97,0.21
981,397,5,5,18635.53,0.16
982,397,38,2,2622.87,0.24
983,397,55,1,2713.71,0.19
984,398,50,3,5584.32,0.14
985,399,18,2,22735.82,0.16
986,399,43,4,10874.97,0.22
987,400,35,1,22789.4,0.02
988,400,55,3,2713.71,0.14
989,400,36,5,10683.08,0.16
990,401,48,1,49376.61,0.02
991,401,9,2,30542.1,0.09
992,401,25,1,46957.75,0.03
993,401,59,3,25709.57,0.03
994,402,54,3,886.48,0.13
995,402,17,1,26922.58,0.09
996,402,61,1,47275.24,0.01
997,403,63,3,43361.35,0.17
998,403,57,3,37307.7,0.05
999,403,59,3,25709.57,0.07
1000,404,59,5,25709.57,0.09
1001,404,22,2,7809.69,0.25
1002,404,21,2,29407.28,0.05
1003,405,34,5,47454.64,0.21
1004,405,48,3,49376.61,0.29
1005,405,24,2,24517.42,0.11
1006,405,27,5,10940.76,0.29
1007,406,19,1,47473.1,0.29
1008,406,59,5,25709.57,0.29
1009,406,41,3,3522.65,0.19
1010,406,20,3,47303.11,0.14
1011,407,15,2,49795.78,0.2
1012,407,62,1,36388.43,0.09
1013,407,6,4,11766.71,0.19
1014,408,25,5,46957.75,0.16
1015,409,12,3,15178.29,0.18
1016,409,51,5,1385.43,0.28
1017,409,25,3,46957.75,0.12
1018,409,63,4,43361.35,0.11
1019,410,58,4,22467.93,0.22
1020,410,12,4,15178.29,0.24
1021,410,28,3,47531.7,0.05
1022,411,27,4,10940.76,0.3
1023,411,39,5,12253.09,0.3
1024,412,35,5,22789.4,0.23
1025,412,54,2,886.48,0.06
1026,412,23,4,32779.6,0.09
1027,412,60,4,22654.07,0.01
1028,413,4,2,41137.62,0.08
1029,413,1,4,6266.08,0.04
1030,414,4,3,41137.62,0.15
1031,414,16,1,4948.88,0.18
1032,415,61,5,47275.24,0.22
1033,415,16,1,4948.88,0.25
1034,415,48,2,49376.61,0.17
1035,416,7,3,31014.39,0.13
1036,416,35,3,22789.4,0.01
1037,417,13,5,5921.13,0.1
1038,417,22,3,7809.69,0.25
1039,418,19,5,47473.1,0.08
1040,418,2,4,33673.14,0.12
1041,418,18,2,22735.82,0.03
1042,419,59,1,25709.57,0.14
1043,419,10,3,3253.53,0.21
1044,419,15,2,49795.78,0.25
1045,419,17,5,26922.58,0.16
1046,420,17,2,26922.58,0.09
1047,420,19,2,47473.1,0.04
1048,421,56,1,21104.93,0.24
1049,421,6,5,11766.71,0.18
1050,421,26,4,1731.54,0.04
1051,421,14,3,47317.45,0.01
1052,422,26,3,1731.54,0.01
1053,422,24,2,24517.42,0.25
1054,423,9,5,30542.1,0.23
1055,423,13,5,5921.13,0.07
1056,424,28,5,47531.7,0.26
1057,425,24,3,24517.42,0.29
1058,426,41,1,3522.65,0.14
1059,427,11,3,23265.95,0.15
1060,428,29,2,18197.03,0.26
1061,428,53,4,11971.79,0.28
1062,428,38,3,2622.87,0.05
1063,428,55,4,2713.71,0.2
1064,429,51,5,1385.43,0.29
1065,429,52,2,17975.29,0.02
1066,430,30,4,18429.01,0.22
1067,431,61,5,47275.24,0.08
1068,431,52,4,17975.29,0.03
1069,431,63,3,43361.35,0.15
1070,432,9,4,30542.1,0.2
1071,433,13,4,5921.13,0.06
1072,433,10,4,3253.53,0.15
1073,433,64,3,15150.35,0.16
1074,434,50,4,5584.32,0.09
1075,435,39,4,12253.09,0.13
1076,435,22,3,7809.69,0.21
1077,436,21,4,29407.28,0.18
1078,436,8,4,28113.23,0.19
1079,436,51,3,1385.43,0.23
1080,436,34,3,47454.64,0.1
1081,437,4,1,41137.62,0.13
1082,437,44,3,11725.63,0.12
1083,437,49,1,12606.64,0.2
1084,438,40,1,39369.21,0.1
1085,439,54,5,886.48,0.01
1086,439,35,3,22789.4,0.11
1087,439,3,4,13180.85,0.1
1088,439,61,1,47275.24,0.24
1089,440,22,4,7809.69,0.06
1090,440,39,1,12253.09,0.25
1091,440,47,5,42933.47,0.06
1092,441,12,5,15178.29,0.1
1093,441,13,1,5921.13,0.17
1094,442,39,5,12253.09,0.24
1095,443,52,1,17975.29,0.19
1096,443,33,5,9570.45,0.26
1097,443,59,5,25709.57,0.15
1098,443,24,4,24517.42,0.08
1099,444,47,2,42933.47,0.07
1100,444,60,3,22654.07,0.25
1101,445,37,5,29896.58,0.07
1102,445,21,2,29407.28,0.03
1103,445,33,2,9570.45,0.01
1104,446,5,2,18635.53,0.01
1105,446,26,3,1731.54,0.2
1106,446,21,2,29407.28,0.19
1107,446,35,1,22789.4,0.29
1108,447,9,1,30542.1,0.12
1109,447,53,2,11971.79,0.07
1110,447,47,5,42933.47,0.22
1111,448,12,3,15178.29,0.25
1112,448,31,4,48893.34,0.24
1113,448,16,2,4948.88,0.28
1114,448,41,2,3522.65,0.04
1115,449,8,1,28113.23,0.09
1116,449,63,4,43361.35,0.14
1117,449,48,2,49376.61,0.29
1118,450,5,1,18635.53,0.21
1119,451,47,4,42933.47,0.12
1120,451,16,4,4948.88,0.28
1121,451,31,3,48893.34,0.09
1122,452,41,1,3522.65,0.25
1123,452,53,4,11971.79,0.14
1124,452,5,4,18635.53,0.28
1125,452,36,3,10683.08,0.22
1126,453,54,1,886.48,0.23
1127,453,42,2,27753.97,0.19
1128,453,59,2,25709.57,0
1129,454,21,2,29407.28,0.15
1130,455,58,3,22467.93,0.05
1131,455,62,5,36388.43,0.25
1132,455,18,3,22735.82,0.06
1133,456,3,1,13180.85,0.29
1134,456,30,2,18429.01,0.08
1135,457,20,2,47303.11,0.28
1136,457,12,1,15178.29,0
1137,457,48,5,49376.61,0.13
1138,458,25,3,46957.75,0.22
1139,458,35,4,22789.4,0.04
1140,459,24,3,24517.42,0.29
1141,459,53,2,11971.79,0.19
1142,459,19,2,47473.1,0.11
1143,459,4,4,41137.62,0.03
1144,460,55,5,2713.71,0.02
1145,460,33,3,9570.45,0.28
1146,460,10,4,3253.53,0.27
1147,460,13,5,5921.13,0.28
1148,461,39,5,12253.09,0.01
1149,461,51,2,1385.43,0.08
1150,461,48,5,49376.61,0.15
1151,461,17,3,26922.58,0.26
1152,462,34,3,47454.64,0.01
1153,462,15,2,49795.78,0.15
1154,463,41,3,3522.65,0.22
1155,463,56,4,21104.93,0.23
1156,463,22,2,7809.69,0.17
1157,464,7,2,31014.39,0.01
1158,464,30,3,18429.01,0.05
1159,465,46,1,29838.48,0.25
1160,465,63,2,43361.35,0.04
1161,465,59,1,25709.57,0.06
1162,465,64,3,15150.35,0.05
1163,466,24,4,24517.42,0.28
1164,467,16,5,4948.88,0.28
1165,467,51,1,1385.43,0.25
1166,467,48,2,49376.61,0.01
1167,468,43,1,10874.97,0.2
1168,469,37,3,29896.58,0.24
1169,470,52,3,17975.29,0.05
1170,471,50,3,5584.32,0.19
1171,471,52,2,17975.29,0.04
1172,472,13,4,5921.13,0.13
1173,472,48,4,49376.61,0.14
1174,472,26,5,1731.54,0.18
1175,473,55,4,2713.71,0.2
1176,473,12,2,15178.29,0.28
1177,473,6,5,11766.71,0.19
1178,473,44,5,11725.63,0.03
1179,474,17,2,26922.58,0.16
1180,474,39,3,12253.09,0.17
1181,475,53,3,11971.79,0.08
1182,475,13,1,5921.13,0.23
1183,475,60,1,22654.07,0.03
1184,475,33,4,9570.45,0.05
1185,476,41,5,3522.65,0.24
1186,476,59,3,25709.57,0.29
1187,476,58,2,22467.93,0.06
1188,477,1,4,6266.08,0.04
1189,478,39,2,12253.09,0.04
1190,478,47,2,42933.47,0.03
1191,478,51,1,1385.43,0.21
1192,478,12,2,15178.29,0.26
1193,479,12,4,15178.29,0.04
1194,479,39,4,12253.09,0.01
1195,480,58,5,22467.93,0.07
1196,481,14,4,47317.45,0.29
1197,482,63,4,43361.35,0.15
1198,483,55,5,2713.71,0.09
1199,484,45,2,7461.95,0.09
1200,484,58,2,22467.93,0.14
1201,484,56,4,21104.93,0.07
1202,484,3,2,13180.85,0.18
1203,485,50,4,5584.32,0.24
1204,485,54,2,886.48,0.19
1205,485,47,3,42933.47,0.21
1206,486,21,1,29407.28,0.24
1207,486,63,4,43361.35,0.09
1208,487,46,5,29838.48,0.01
1209,487,21,1,29407.28,0.1
1210,487,23,1,32779.6,0.19
1211,488,46,2,29838.48,0.26
1212,488,6,5,11766.71,0.18
1213,488,35,1,22789.4,0.21
1214,489,14,2,47317.45,0.19
1215,490,13,2,5921.13,0.04
1216,490,20,2,47303.11,0.13
1217,490,47,4,42933.47,0.23
1218,490,43,1,10874.97,0.07
1219,491,35,3,22789.4,0.21
1220,492,18,4,22735.82,0.28
1221,492,55,4,2713.71,0.29
1222,493,2,1,33673.14,0.1
1223,493,9,4,30542.1,0.29
1224,494,8,4,28113.23,0.12
1225,494,38,5,2622.87,0.26
1226,495,52,2,17975.29,0.27
1227,495,58,5,22467.93,0.24
1228,496,11,4,23265.95,0.22
1229,496,5,2,18635.53,0.16
1230,496,43,5,10874.97,0.09
1231,497,3,5,13180.85,0.18
1232,497,4,2,41137.62,0.25
1233,498,34,1,47454.64,0.23
1234,498,46,1,29838.48,0.13
1235,498,16,5,4948.88,0.22
1236,499,39,4,12253.09,0.16
1237,499,37,2,29896.58,0.03
1238,499,18,5,22735.82,0.17
1239,500,53,4,11971.79,0.27
1240,500,11,4,23265.95,0.06
1241,500,12,1,15178.29,0.11
1242,500,8,5,28113.23,0.12
1243,501,57,2,37307.7,0.15
1244,501,63,4,43361.35,0.21
1245,501,54,2,886.48,0.29
1246,501,21,5,29407.28,0.26
1247,502,21,5,29407.28,0.11
1248,503,38,1,2622.87,0.11
1249,503,6,3,11766.71,0.09
1250,503,20,4,47303.11,0.01
1251,504,37,4,29896.58,0
1252,504,28,5,47531.7,0.1
1253,504,24,1,24517.42,0.13
1254,505,61,4,47275.24,0.2
1255,505,17,2,26922.58,0.26
1256,505,18,3,22735.82,0.03
1257,505,59,5,25709.57,0.2
1258,506,57,3,37307.7,0.19
1259,507,11,2,23265.95,0.29
1260,508,3,2,13180.85,0.07
1261,508,16,5,4948.88,0.13
1262,508,24,5,24517.42,0.18
1263,508,36,4,10683.08,0.18
1264,509,4,1,41137.62,0.03
1265,509,41,1,3522.65,0.16
1266,509,49,3,12606.64,0.04
1267,509,33,3,9570.45,0.23
1268,510,24,3,24517.42,0.12
1269,510,4,3,41137.62,0.04
1270,510,8,3,28113.23,0.08
1271,511,50,3,5584.32,0.14
1272,511,15,4,49795.78,0.02
1273,511,35,1,22789.4,0.12
1274,511,8,2,28113.23,0.27
1275,512,17,5,26922.58,0.12
1276,512,39,1,12253.09,0.25
1277,513,55,1,2713.71,0
1278,513,58,4,22467.93,0.29
1279,514,35,2,22789.4,0.18
1280,514,33,5,9570.45,0.08
1281,514,49,2,12606.64,0.22
1282,514,45,5,7461.95,0.02
1283,515,27,4,10940.76,0.08
1284,515,41,3,3522.65,0.1
1285,515,44,4,11725.63,0.29
1286,515,34,3,47454.64,0
1287,516,2,2,33673.14,0.12
1288,517,4,4,41137.62,0.2
1289,518,2,4,33673.14,0.11
1290,518,16,2,4948.88,0.13
1291,519,39,2,12253.09,0.07
1292,520,1,4,6266.08,0.03
1293,520,26,3,1731.54,0.17
1294,521,17,1,26922.58,0.04
1295,522,33,5,9570.45,0.26
1296,523,36,3,10683.08,0.16
1297,523,16,1,4948.88,0.27
1298,523,60,2,22654.07,0.01
1299,523,64,4,15150.35,0.16
1300,524,4,2,41137.62,0.29
1301,525,40,1,39369.21,0.14
1302,525,9,1,30542.1,0.18
1303,525,13,3,5921.13,0.25
1304,526,43,5,10874.97,0.24
1305,527,16,4,4948.88,0.09
1306,527,11,1,23265.95,0.23
1307,527,8,1,28113.23,0.28
1308,527,5,4,18635.53,0.02
1309,528,7,3,31014.39,0.25
1310,529,59,4,25709.57,0.14
1311,530,59,5,25709.57,0.1
1312,531,17,3,26922.58,0.13
1313,531,33,5,9570.45,0.13
1314,532,56,5,21104.93,0.27
1315,532,46,2,29838.48,0.04
1316,532,40,3,39369.21,0.18
1317,533,31,5,48893.34,0.25
1318,534,26,3,1731.54,0.06
1319,534,9,4,30542.1,0.21
1320,535,54,1,886.48,0.14
1321,535,43,1,10874.97,0.15
1322,535,21,1,29407.28,0.19
1323,536,62,4,36388.43,0.06
1324,536,43,2,10874.97,0.25
1325,537,15,2,49795.78,0.09
1326,538,26,2,1731.54,0.09
1327,539,26,2,1731.54,0.25
1328,539,3,1,13180.85,0.01
1329,540,40,2,39369.21,0.11
1330,540,59,3,25709.57,0.2
1331,541,17,2,26922.58,0.16
1332,541,25,3,46957.75,0.1
1333,542,20,1,47303.11,0.19
1334,542,42,3,27753.97,0.26
1335,542,32,5,3120.45,0.29
1336,543,50,4,5584.32,0.16
1337,543,48,2,49376.61,0.1
1338,544,52,2,17975.29,0.27
1339,544,5,4,18635.53,0.26
1340,544,27,4,10940.76,0.07
1341,545,11,4,23265.95,0.16
1342,545,18,2,22735.82,0.18
1343,545,38,4,2622.87,0.15
1344,546,48,4,49376.61,0.01
1345,546,64,4,15150.35,0.07
1346,546,41,1,3522.65,0.11
1347,546,35,1,22789.4,0.09
1348,547,13,1,5921.13,0.11
1349,547,16,5,4948.88,0.06
1350,548,25,1,46957.75,0.23
1351,548,18,3,22735.82,0.25
1352,548,34,4,47454.64,0.28
1353,549,30,4,18429.01,0.1
1354,549,27,1,10940.76,0.09
1355,549,61,2,47275.24,0.13
1356,549,60,4,22654.07,0.06
1357,550,40,4,39369.21,0.24
1358,550,2,3,33673.14,0.1
1359,551,3,2,13180.85,0.29
1360,551,5,3,18635.53,0.17
1361,551,18,5,22735.82,0.27
1362,552,50,2,5584.32,0.14
1363,553,14,1,47317.45,0.25
1364,553,23,5,32779.6,0.15
1365,554,30,5,18429.01,0.02
1366,554,38,1,2622.87,0.11
1367,555,15,5,49795.78,0.13
1368,555,17,1,26922.58,0.12
1369,556,21,3,29407.28,0.06
1370,556,40,2,39369.21,0.13
1371,556,26,4,1731.54,0.18
1372,556,59,2,25709.57,0.16
1373,557,37,4,29896.58,0.1
1374,558,32,4,3120.45,0.27
1375,558,23,2,32779.6,0.21
1376,558,56,1,21104.93,0.12
1377,558,59,1,25709.57,0.07
1378,559,64,5,15150.35,0.04
1379,559,53,3,11971.79,0.02
1380,560,33,5,9570.45,0.01
1381,560,27,1,10940.76,0.02
1382,561,25,3,46957.75,0.03
1383,561,51,2,1385.43,0.1
1384,561,5,4,18635.53,0.15
1385,561,2,1,33673.14,0.02
1386,562,21,5,29407.28,0.03
1387,562,22,3,7809.69,0.04
1388,562,3,4,13180.85,0.05
1389,563,23,5,32779.6,0.06
1390,563,28,1,47531.7,0.25
1391,563,5,5,18635.53,0.19
1392,564,7,2,31014.39,0.11
1393,564,1,2,6266.08,0.06
1394,564,49,1,12606.64,0.13
1395,564,26,1,1731.54,0.1
1396,565,22,4,7809.69,0.15
1397,565,6,3,11766.71,0.1
1398,566,16,3,4948.88,0.1
1399,566,30,1,18429.01,0.12
1400,566,28,3,47531.7,0
1401,566,14,2,47317.45,0.14
1402,567,9,2,30542.1,0.12
1403,568,13,2,5921.13,0.1
1404,568,42,3,27753.97,0.29
1405,568,50,4,5584.32,0.02
1406,569,2,1,33673.14,0.18
1407,569,30,1,18429.01,0.09
1408,570,18,3,22735.82,0.15
1409,571,57,2,37307.7,0.08
1410,571,43,1,10874.97,0.16
1411,572,44,5,11725.63,0.02
1412,572,32,2,3120.45,0.24
1413,572,27,2,10940.76,0.18
1414,573,9,4,30542.1,0.02
1415,574,23,5,32779.6,0.16
1416,575,40,4,39369.21,0.05
1417,575,22,2,7809.69,0.09
1418,575,26,5,1731.54,0.13
1419,575,32,2,3120.45,0.08
1420,576,61,4,47275.24,0.15
1421,576,57,4,37307.7,0.23
1422,577,20,4,47303.11,0.14
1423,577,23,4,32779.6,0.08
1424,577,33,5,9570.45,0.18
1425,578,25,1,46957.75,0.26
1426,578,1,3,6266.08,0.15
1427,579,10,1,3253.53,0.12
1428,579,53,5,11971.79,0.05
1429,579,5,4,18635.53,0.29
1430,580,50,4,5584.32,0.22
1431,581,34,2,47454.64,0.08
1432,581,59,5,25709.57,0.17
1433,582,51,2,1385.43,0.25
1434,582,11,3,23265.95,0.21
1435,582,25,5,46957.75,0.29
1436,582,55,4,2713.71,0.18
1437,583,35,4,22789.4,0.21
1438,583,27,1,10940.76,0.3
1439,584,37,3,29896.58,0.06
1440,584,56,2,21104.93,0.06
1441,584,22,2,7809.69,0.15
1442,584,23,1,32779.6,0.14
1443,585,34,4,47454.64,0.19
1444,585,53,5,11971.79,0.03
1445,586,16,1,4948.88,0.18
1446,586,36,4,10683.08,0.15
1447,586,9,1,30542.1,0
1448,586,44,3,11725.63,0.23
1449,587,1,5,6266.08,0.16
1450,587,49,3,12606.64,0.28
1451,588,44,3,11725.63,0.2
1452,588,41,4,3522.65,0.18
1453,588,31,3,48893.34,0.26
1454,589,16,5,4948.88,0.08
1455,590,25,3,46957.75,0.26
1456,590,1,3,6266.08,0.2
1457,590,42,2,27753.97,0.18
1458,590,3,4,13180.85,0.22
1459,591,38,2,2622.87,0.15
1460,591,25,1,46957.75,0.09
1461,591,19,5,47473.1,0.3
1462,591,5,4,18635.53,0.05
1463,592,28,1,47531.7,0.03
1464,592,22,1,7809.69,0.05
1465,593,16,3,4948.88,0.26
1466,593,18,5,22735.82,0.23
1467,593,63,5,43361.35,0.02
1468,593,12,3,15178.29,0.11
1469,594,34,3,47454.64,0.03
1470,594,15,1,49795.78,0.1
1471,595,41,5,3522.65,0.22
1472,595,49,3,12606.64,0.02
1473,596,17,4,26922.58,0
1474,596,29,4,18197.03,0.09
1475,596,14,3,47317.45,0.25
1476,597,5,3,18635.53,0.15
1477,597,41,1,3522.65,0.08
1478,598,49,2,12606.64,0.25
1479,598,8,2,28113.23,0.25
1480,598,43,2,10874.97,0.21
1481,599,3,3,13180.85,0.13
1482,599,51,4,1385.43,0.3
1483,600,25,2,46957.75,0.1
1484,600,51,5,1385.43,0.26
1485,600,13,1,5921.13,0.25
1486,601,62,2,36388.43,0.24
1487,601,38,2,2622.87,0.22
1488,601,19,1,47473.1,0.11
1489,601,27,5,10940.76,0.03
1490,602,46,4,29838.48,0.05
1491,603,52,1,17975.29,0.04
1492,603,32,4,3120.45,0.15
1493,604,49,1,12606.64,0.04
1494,604,36,1,10683.08,0.04
1495,604,57,5,37307.7,0.07
1496,604,48,5,49376.61,0.17
1497,605,62,1,36388.43,0.1
1498,605,56,5,21104.93,0.06
1499,605,39,1,12253.09,0.12
1500,605,17,5,26922.58,0.24
1501,606,16,5,4948.88,0.21
1502,606,24,1,24517.42,0.17
1503,607,12,1,15178.29,0.03
1504,607,33,1,9570.45,0.15
1505,608,39,5,12253.09,0.27
1506,608,6,3,11766.71,0.2
1507,609,27,2,10940.76,0.01
1508,609,13,2,5921.13,0.09
1509,609,6,2,11766.71,0.29
1510,610,17,5,26922.58,0.08
1511,610,55,4,2713.71,0.19
1512,610,10,2,3253.53,0.12
1513,611,35,2,22789.4,0.21
1514,612,20,1,47303.11,0.29
1515,612,41,2,3522.65,0.02
1516,612,56,1,21104.93,0.16
1517,612,49,5,12606.64,0.12
1518,613,19,1,47473.1,0.03
1519,613,29,2,18197.03,0.11
1520,613,36,1,10683.08,0.23
1521,614,45,5,7461.95,0.26
1522,615,41,2,3522.65,0.1
1523,615,50,5,5584.32,0.17
1524,616,20,2,47303.11,0.04
1525,617,59,4,25709.57,0.15
1526,617,24,3,24517.42,0.29
1527,617,57,5,37307.7,0.28
1528,617,46,2,29838.48,0.09
1529,618,10,2,3253.53,0.28
1530,619,2,4,33673.14,0.15
1531,619,55,5,2713.71,0.21
1532,619,18,4,22735.82,0
1533,619,62,2,36388.43,0.27
1534,620,6,2,11766.71,0.2
1535,620,58,5,22467.93,0.27
1536,621,55,4,2713.71,0.11
1537,622,39,3,12253.09,0.06
1538,622,62,5,36388.43,0.12
1539,622,38,3,2622.87,0.28
1540,623,46,1,29838.48,0.18
1541,624,24,1,24517.42,0.03
1542,624,52,4,17975.29,0.06
1543,624,46,5,29838.48,0.15
1544,625,33,4,9570.45,0.12
1545,625,29,3,18197.03,0.11
1546,626,21,1,29407.28,0.11
1547,626,18,2,22735.82,0.03
1548,626,46,3,29838.48,0.01
1549,626,56,4,21104.93,0.13
1550,627,16,5,4948.88,0.15
1551,627,54,2,886.48,0.1
1552,627,63,4,43361.35,0.15
1553,628,17,2,26922.58,0.1
1554,629,2,3,33673.14,0.15
1555,629,56,4,21104.93,0.07
1556,629,62,2,36388.43,0.22
1557,629,38,2,2622.87,0.07
1558,630,61,5,47275.24,0.18
1559,630,14,2,47317.45,0.3
1560,631,52,3,17975.29,0.3
1561,631,5,2,18635.53,0.13
1562,632,40,4,39369.21,0.14
1563,632,30,5,18429.01,0.13
1564,632,29,1,18197.03,0.09
1565,632,44,3,11725.63,0.11
1566,633,24,1,24517.42,0
1567,634,13,3,5921.13,0.28
1568,634,56,3,21104.93,0.1
1569,634,24,1,24517.42,0.03
1570,635,47,3,42933.47,0.06
1571,635,48,4,49376.61,0.03
1572,635,31,1,48893.34,0.04
1573,636,58,1,22467.93,0.28
1574,636,13,5,5921.13,0.1
1575,637,17,2,26922.58,0.13
1576,638,16,4,4948.88,0.16
1577,638,56,5,21104.93,0.24
1578,638,9,2,30542.1,0.18
1579,638,62,2,36388.43,0.09
1580,639,22,4,7809.69,0.23
1581,640,24,2,24517.42,0.17
1582,640,1,5,6266.08,0.21
1583,641,29,5,18197.03,0.04
1584,641,38,2,2622.87,0.01
1585,641,35,2,22789.4,0.09
1586,642,32,2,3120.45,0.16
1587,643,11,4,23265.95,0.27
1588,643,34,3,47454.64,0.1
1589,643,18,1,22735.82,0.19
1590,644,3,3,13180.85,0.26
1591,644,14,5,47317.45,0.17
1592,644,49,4,12606.64,0.07
1593,645,30,4,18429.01,0.03
1594,645,56,2,21104.93,0.14
1595,645,48,2,49376.61,0.06
1596,645,19,4,47473.1,0.28
1597,646,23,5,32779.6,0.06
1598,646,51,2,1385.43,0.02
1599,647,13,4,5921.13,0.12
1600,648,35,2,22789.4,0.28
1601,649,26,2,1731.54,0.14
1602,650,20,5,47303.11,0.04
1603,650,32,1,3120.45,0.03
1604,650,8,3,28113.23,0.03
1605,650,35,4,22789.4,0.04
1606,651,46,2,29838.48,0.28
1607,651,37,4,29896.58,0.21
1608,652,14,3,47317.45,0.02
1609,652,37,3,29896.58,0.04
1610,653,43,3,10874.97,0.19
1611,653,24,3,24517.42,0.1
1612,653,55,1,2713.71,0.08
1613,653,20,4,47303.11,0.2
1614,654,41,4,3522.65,0.13
1615,654,19,4,47473.1,0.24
1616,655,42,2,27753.97,0.05
1617,656,53,4,11971.79,0.13
1618,656,43,4,10874.97,0.16
1619,656,18,4,22735.82,0.16
1620,656,32,2,3120.45,0.12
1621,657,31,3,48893.34,0
1622,658,8,3,28113.23,0.11
1623,659,32,2,3120.45,0.04
1624,659,27,2,10940.76,0.11
1625,659,29,1,18197.03,0.21
1626,659,8,4,28113.23,0.11
1627,660,4,3,41137.62,0.04
1628,660,19,2,47473.1,0.02
1629,661,39,4,12253.09,0.22
1630,661,61,4,47275.24,0.23
1631,662,5,5,18635.53,0.23
1632,663,34,2,47454.64,0.08
1633,663,40,1,39369.21,0.16
1634,663,30,2,18429.01,0.22
1635,663,55,4,2713.71,0.19
1636,664,62,2,36388.43,0.02
1637,664,41,3,3522.65,0.19
1638,664,52,2,17975.29,0.08
1639,664,49,1,12606.64,0.02
1640,665,14,2,47317.45,0.18
1641,665,9,3,30542.1,0.06
1642,666,6,5,11766.71,0.3
1643,667,2,4,33673.14,0.15
1644,667,46,3,29838.48,0.23
1645,667,37,3,29896.58,0.29
1646,668,20,1,47303.11,0.18
1647,669,20,1,47303.11,0.27
1648,669,60,1,22654.07,0.29
1649,670,17,5,26922.58,0.26
1650,670,44,4,11725.63,0.01
1651,670,38,4,2622.87,0.07
1652,670,47,5,42933.47,0.18
1653,671,40,4,39369.21,0.03
1654,671,12,3,15178.29,0.05
1655,672,12,4,15178.29,0.08
1656,672,10,4,3253.53,0.29
1657,672,23,4,32779.6,0.2
1658,673,37,5,29896.58,0.28
1659,673,52,2,17975.29,0.13
1660,673,53,5,11971.79,0.25
1661,674,6,5,11766.71,0
1662,674,8,1,28113.23,0.09
1663,674,32,2,3120.45,0.17
1664,675,60,2,22654.07,0.22
1665,675,14,4,47317.45,0.23
1666,675,11,2,23265.95,0.12
1667,676,61,3,47275.24,0.14
1668,676,15,5,49795.78,0.05
1669,677,8,2,28113.23,0.02
1670,677,47,1,42933.47,0.29
1671,677,56,4,21104.93,0.08
1672,677,61,2,47275.24,0.03
1673,678,54,1,886.48,0.03
1674,678,28,4,47531.7,0.1
1675,678,34,3,47454.64,0.05
1676,678,24,3,24517.42,0.28
1677,679,50,1,5584.32,0.22
1678,679,2,5,33673.14,0.18
1679,679,26,3,1731.54,0.2
1680,680,64,1,15150.35,0.24
1681,680,41,4,3522.65,0.08
1682,681,5,2,18635.53,0.22
1683,682,45,2,7461.95,0.29
1684,682,27,5,10940.76,0.29
1685,683,64,4,15150.35,0.12
1686,684,23,4,32779.6,0.13
1687,685,37,1,29896.58,0.03
1688,685,56,1,21104.93,0.18
1689,685,13,4,5921.13,0.03
1690,685,12,5,15178.29,0.28
1691,686,54,4,886.48,0.17
1692,686,28,1,47531.7,0.06
1693,686,29,4,18197.03,0.29
1694,687,29,3,18197.03,0.09
1695,687,37,4,29896.58,0.2
1696,687,35,1,22789.4,0.27
1697,688,41,5,3522.65,0.3
1698,688,43,2,10874.97,0.17
1699,688,22,4,7809.69,0.06
1700,689,50,4,5584.32,0.27
1701,689,23,5,32779.6,0.05
1702,690,34,1,47454.64,0.03
1703,690,21,4,29407.28,0
1704,690,42,5,27753.97,0.05
1705,690,27,5,10940.76,0.21
1706,691,46,3,29838.48,0.06
1707,691,24,2,24517.42,0.22
1708,691,31,4,48893.34,0.23
1709,691,29,1,18197.03,0.08
1710,692,59,5,25709.57,0.04
1711,693,64,3,15150.35,0.27
1712,694,10,4,3253.53,0.27
1713,694,63,4,43361.35,0.24
1714,694,27,2,10940.76,0.09
1715,694,54,2,886.48,0.2
1716,695,62,5,36388.43,0.22
1717,695,1,1,6266.08,0.06
1718,695,21,1,29407.28,0.16
1719,696,28,1,47531.7,0.1
1720,697,26,4,1731.54,0.22
1721,697,12,4,15178.29,0.13
1722,697,45,4,7461.95,0.28
1723,697,38,3,2622.87,0.05
1724,698,27,4,10940.76,0.26
1725,698,63,4,43361.35,0.18
1726,699,26,4,1731.54,0.05
1727,699,46,1,29838.48,0.29
1728,699,48,3,49376.61,0.18
1729,699,9,3,30542.1,0.18
1730,700,24,3,24517.42,0.13
1731,701,48,1,49376.61,0
1732,701,19,1,47473.1,0.22
1733,701,41,2,3522.65,0.14
1734,702,28,5,47531.7,0.28
1735,702,14,1,47317.45,0.17
1736,702,36,4,10683.08,0.2
1737,703,64,4,15150.35,0.01
1738,704,42,2,27753.97,0.17
1739,704,50,3,5584.32,0.01
1740,705,5,1,18635.53,0.14
1741,705,6,4,11766.71,0.22
1742,705,44,3,11725.63,0.1
1743,705,3,3,13180.85,0.12
1744,706,39,3,12253.09,0.28
1745,706,59,1,25709.57,0.01
1746,706,64,1,15150.35,0.25
1747,706,16,2,4948.88,0.03
1748,707,25,3,46957.75,0.24
1749,708,7,3,31014.39,0.02
1750,709,18,1,22735.82,0.04
1751,709,59,2,25709.57,0.23
1752,710,63,2,43361.35,0.03
1753,710,36,3,10683.08,0.21
1754,710,42,3,27753.97,0.17
1755,710,62,2,36388.43,0.2
1756,711,28,1,47531.7,0.2
1757,712,27,4,10940.76,0.2
1758,712,41,5,3522.65,0.03
1759,712,40,2,39369.21,0.07
1760,713,25,2,46957.75,0.21
1761,713,9,5,30542.1,0.19
1762,713,36,2,10683.08,0.14
1763,713,55,1,2713.71,0.22
1764,714,61,5,47275.24,0.14
1765,715,28,5,47531.7,0.1
1766,715,20,4,47303.11,0.08
1767,715,51,1,1385.43,0.01
1768,715,56,4,21104.93,0.22
1769,716,36,5,10683.08,0.13
1770,716,64,1,15150.35,0.19
1771,717,31,3,48893.34,0.07
1772,717,9,5,30542.1,0.21
1773,717,13,4,5921.13,0.12
1774,718,27,3,10940.76,0.21
1775,718,45,3,7461.95,0.22
1776,719,31,1,48893.34,0.05
1777,719,22,3,7809.69,0.27
1778,719,41,2,3522.65,0.29
1779,720,34,2,47454.64,0.2
1780,720,10,1,3253.53,0.18
1781,721,15,2,49795.78,0.16
1782,721,6,2,11766.71,0.23
1783,721,3,1,13180.85,0.03
1784,721,38,3,2622.87,0.14
1785,722,47,3,42933.47,0.09
1786,722,59,3,25709.57,0.27
1787,722,2,5,33673.14,0.15
1788,723,29,1,18197.03,0.07
1789,723,19,4,47473.1,0.11
1790,723,46,1,29838.48,0.06
1791,723,64,4,15150.35,0.19
1792,724,45,5,7461.95,0.13
1793,724,43,3,10874.97,0.09
1794,724,51,1,1385.43,0.17
1795,725,45,4,7461.95,0.28
1796,725,37,2,29896.58,0.14
1797,725,15,2,49795.78,0.16
1798,725,2,3,33673.14,0.19
1799,726,38,1,2622.87,0.14
1800,727,40,1,39369.21,0.01
1801,727,1,2,6266.08,0.11
1802,727,56,3,21104.93,0.24
1803,727,46,5,29838.48,0.2
1804,728,26,5,1731.54,0.28
1805,728,56,3,21104.93,0.07
1806,729,13,2,5921.13,0.17
1807,729,34,3,47454.64,0.24
1808,729,39,2,12253.09,0.2
1809,729,40,2,39369.21,0.08
1810,730,39,5,12253.09,0.28
1811,731,18,5,22735.82,0.13
1812,732,60,5,22654.07,0.01
1813,732,54,4,886.48,0.03
1814,732,53,2,11971.79,0.18
1815,732,4,3,41137.62,0.24
1816,733,51,2,1385.43,0.12
1817,734,8,3,28113.23,0.25
1818,735,62,1,36388.43,0.22
1819,735,43,5,10874.97,0.22
1820,735,8,1,28113.23,0.21
1821,736,20,3,47303.11,0.22
1822,736,39,1,12253.09,0.24
1823,737,20,5,47303.11,0.26
1824,738,4,1,41137.62,0.09
1825,738,57,4,37307.7,0.29
1826,738,51,2,1385.43,0.25
1827,738,8,5,28113.23,0.08
1828,739,19,2,47473.1,0.15
1829,739,3,5,13180.85,0.06
1830,739,24,4,24517.42,0.09
1831,739,31,1,48893.34,0.29
1832,740,60,4,22654.07,0.24
1833,741,2,1,33673.14,0.27
1834,741,39,3,12253.09,0.29
1835,741,5,4,18635.53,0.26
1836,741,57,4,37307.7,0.08
1837,742,50,2,5584.32,0.11
1838,742,9,5,30542.1,0.1
1839,742,23,2,32779.6,0.08
1840,743,49,2,12606.64,0.21
1841,743,61,5,47275.24,0.29
1842,743,24,3,24517.42,0.18
1843,743,34,4,47454.64,0.02
1844,744,61,1,47275.24,0.27
1845,744,42,2,27753.97,0.22
1846,744,30,4,18429.01,0.23
1847,744,31,4,48893.34,0.28
1848,745,57,3,37307.7,0.18
1849,746,18,4,22735.82,0.2
1850,746,26,2,1731.54,0.06
1851,746,33,2,9570.45,0.13
1852,746,63,5,43361.35,0.24
1853,747,5,1,18635.53,0.11
1854,747,18,4,22735.82,0.17
1855,748,27,5,10940.76,0.11
1856,748,61,5,47275.24,0.27
1857,749,11,2,23265.95,0.23
1858,750,43,1,10874.97,0.07
1859,751,37,5,29896.58,0.17
1860,751,10,5,3253.53,0.28
1861,752,61,3,47275.24,0.2
1862,753,8,5,28113.23,0.25
1863,753,18,3,22735.82,0.28
1864,753,27,1,10940.76,0.07
1865,754,54,5,886.48,0.22
1866,755,14,1,47317.45,0.15
1867,756,30,1,18429.01,0.23
1868,756,3,2,13180.85,0.16
1869,756,8,4,28113.23,0.2
1870,757,49,5,12606.64,0.04
1871,757,17,4,26922.58,0.04
1872,757,56,5,21104.93,0.29
1873,757,55,3,2713.71,0.11
1874,758,2,2,33673.14,0.12
1875,759,8,1,28113.23,0.04
1876,759,10,2,3253.53,0.08
1877,760,51,1,1385.43,0.2
1878,760,62,1,36388.43,0.08
1879,761,39,5,12253.09,0.27
1880,761,47,3,42933.47,0.21
1881,761,38,5,2622.87,0.03
1882,761,32,3,3120.45,0.27
1883,762,18,3,22735.82,0.22
1884,762,30,2,18429.01,0.04
1885,763,15,3,49795.78,0.08
1886,763,3,4,13180.85,0.09
1887,763,64,1,15150.35,0.02
1888,763,5,5,18635.53,0.12
1889,764,27,2,10940.76,0.2
1890,764,49,5,12606.64,0.02
1891,765,34,3,47454.64,0.22
1892,765,28,5,47531.7,0.13
1893,765,4,4,41137.62,0.23
1894,766,60,2,22654.07,0.29
1895,766,55,4,2713.71,0.22
1896,766,34,2,47454.64,0.04
1897,767,44,5,11725.63,0.08
1898,767,51,3,1385.43,0.2
1899,767,5,5,18635.53,0
1900,768,60,4,22654.07,0.01
1901,768,3,3,13180.85,0.14
1902,768,57,5,37307.7,0.07
1903,768,2,1,33673.14,0.17
1904,769,57,2,37307.7,0.08
1905,770,19,2,47473.1,0.03
1906,770,7,1,31014.39,0.06
1907,771,8,3,28113.23,0
1908,771,34,3,47454.64,0.16
1909,772,57,1,37307.7,0.15
1910,773,10,1,3253.53,0.1
1911,773,55,3,2713.71,0.1
1912,773,37,4,29896.58,0.27
1913,773,19,3,47473.1,0.14
1914,774,38,2,2622.87,0.27
1915,775,28,2,47531.7,0.11
1916,775,49,1,12606.64,0.29
1917,775,5,2,18635.53,0.17
1918,776,61,5,47275.24,0.16
1919,777,43,3,10874.97,0.07
1920,777,32,3,3120.45,0.22
1921,778,11,3,23265.95,0.2
1922,778,46,5,29838.48,0.07
1923,778,10,4,3253.53,0.07
1924,779,37,1,29896.58,0.02
1925,779,44,4,11725.63,0.15
1926,779,41,2,3522.65,0.17
1927,780,16,3,4948.88,0.23
1928,780,54,4,886.48,0.22
1929,781,17,5,26922.58,0.26
1930,782,38,3,2622.87,0.27
1931,782,16,3,4948.88,0.18
1932,783,53,4,11971.79,0.21
1933,783,58,2,22467.93,0.22
1934,783,56,5,21104.93,0.27
1935,783,38,5,2622.87,0.03
1936,784,42,1,27753.97,0.07
1937,784,57,4,37307.7,0.1
1938,784,23,5,32779.6,0.16
1939,784,36,5,10683.08,0.17
1940,785,19,2,47473.1,0.13
1941,785,6,3,11766.71,0.17
1942,786,16,3,4948.88,0.15
1943,786,37,2,29896.58,0.27
1944,787,19,5,47473.1,0.25
1945,787,13,2,5921.13,0.01
1946,787,27,1,10940.76,0.29
1947,788,48,2,49376.61,0.08
1948,789,38,4,2622.87,0.15
1949,789,15,1,49795.78,0.26
1950,789,16,3,4948.88,0.22
1951,789,57,1,37307.7,0.29
1952,790,36,3,10683.08,0.27
1953,790,59,1,25709.57,0.13
1954,790,10,5,3253.53,0.1
1955,791,49,2,12606.64,0.08
1956,791,29,2,18197.03,0.15
1957,792,28,1,47531.7,0.13
1958,793,54,3,886.48,0.18
1959,794,39,3,12253.09,0.2
1960,794,30,4,18429.01,0.24
1961,795,13,3,5921.13,0.13
1962,795,29,4,18197.03,0.1
1963,795,15,4,49795.78,0.03
1964,796,62,5,36388.43,0.12
1965,796,63,2,43361.35,0.01
1966,797,34,4,47454.64,0.24
1967,797,41,4,3522.65,0.12
1968,797,53,1,11971.79,0.08
1969,798,53,1,11971.79,0.28
1970,798,29,5,18197.03,0.18
1971,798,22,2,7809.69,0.18
1972,798,27,1,10940.76,0.29
1973,799,7,5,31014.39,0.06
1974,800,38,3,2622.87,0.1
1975,800,21,2,29407.28,0.17
1976,801,63,3,43361.35,0.01
1977,801,6,2,11766.71,0.01
1978,801,21,1,29407.28,0.24
1979,801,37,4,29896.58,0.2
1980,802,3,5,13180.85,0.24
1981,802,2,2,33673.14,0.25
1982,802,20,3,47303.11,0.24
1983,802,13,4,5921.13,0.15
1984,803,34,5,47454.64,0.14
1985,804,62,4,36388.43,0.01
1986,804,37,4,29896.58,0.22
1987,804,32,3,3120.45,0.23
1988,805,30,5,18429.01,0.03
1989,805,58,3,22467.93,0.1
1990,805,48,1,49376.61,0.03
1991,805,62,2,36388.43,0.06
1992,806,61,3,47275.24,0.12
1993,806,30,3,18429.01,0.25
1994,806,8,1,28113.23,0.1
1995,806,64,5,15150.35,0.18
1996,807,41,4,3522.65,0.15
1997,807,31,1,48893.34,0.28
1998,807,42,4,27753.97,0.21
1999,807,60,4,22654.07,0.04
2000,808,57,1,37307.7,0.27
2001,808,15,4,49795.78,0.05
2002,809,2,3,33673.14,0.22
2003,809,38,3,2622.87,0.16
2004,809,16,5,4948.88,0.27
2005,809,56,5,21104.93,0.2
2006,810,61,3,47275.24,0.28
2007,810,60,2,22654.07,0.05
2008,810,27,4,10940.76,0
2009,811,40,2,39369.21,0.06
2010,812,60,5,22654.07,0.05
2011,813,25,3,46957.75,0.09
2012,814,26,1,1731.54,0.22
2013,814,10,3,3253.53,0.05
2014,814,20,5,47303.11,0.03
2015,815,27,2,10940.76,0.03
2016,815,22,5,7809.69,0.04
2017,815,1,2,6266.08,0.14
2018,815,30,1,18429.01,0.1
2019,816,42,5,27753.97,0.12
2020,816,39,4,12253.09,0.21
2021,816,16,3,4948.88,0.09
2022,816,31,5,48893.34,0.1
2023,817,56,4,21104.93,0.21
2024,817,57,3,37307.7,0.21
2025,818,60,2,22654.07,0.19
2026,818,45,2,7461.95,0.11
2027,818,55,2,2713.71,0.28
2028,819,40,3,39369.21,0.03
2029,820,36,4,10683.08,0.12
2030,821,61,5,47275.24,0.19
2031,822,48,1,49376.61,0.18
2032,823,16,1,4948.88,0.26
2033,823,8,3,28113.23,0.3
2034,823,57,2,37307.7,0.2
2035,823,41,1,3522.65,0.1
2036,824,52,4,17975.29,0.25
2037,825,11,1,23265.95,0.08
2038,825,23,2,32779.6,0.21
2039,825,57,4,37307.7,0.05
2040,826,44,4,11725.63,0.17
2041,827,12,2,15178.29,0.22
2042,828,28,3,47531.7,0.14
2043,829,7,2,31014.39,0.08
2044,829,49,5,12606.64,0.09
2045,829,37,2,29896.58,0.25
2046,830,34,5,47454.64,0.11
2047,830,12,5,15178.29,0.13
2048,830,63,2,43361.35,0.01
2049,830,46,5,29838.48,0.12
2050,831,27,1,10940.76,0.15
2051,831,44,2,11725.63,0.08
2052,831,35,4,22789.4,0.08
2053,832,42,3,27753.97,0.21
2054,832,48,3,49376.61,0.26
2055,832,49,1,12606.64,0.05
2056,832,5,4,18635.53,0.1
2057,833,60,1,22654.07,0.13
2058,833,24,5,24517.42,0.14
2059,834,33,5,9570.45,0.1
2060,834,48,4,49376.61,0.09
2061,835,52,5,17975.29,0.05
2062,835,4,3,41137.62,0.27
2063,835,21,5,29407.28,0.06
2064,836,40,2,39369.21,0.24
2065,837,26,3,1731.54,0.09
2066,837,23,2,32779.6,0.07
2067,838,1,3,6266.08,0.03
2068,838,62,5,36388.43,0.21
2069,838,21,2,29407.28,0.27
2070,839,17,3,26922.58,0.27
2071,839,41,4,3522.65,0.18
2072,839,18,5,22735.82,0.02
2073,839,52,4,17975.29,0.2
2074,840,48,3,49376.61,0.15
2075,840,47,1,42933.47,0.18
2076,841,25,4,46957.75,0.03
2077,841,6,4,11766.71,0.2
2078,841,28,4,47531.7,0.05
2079,841,39,3,12253.09,0.12
2080,842,51,4,1385.43,0.24
2081,842,14,3,47317.45,0.21
2082,843,17,1,26922.58,0.15
2083,843,50,4,5584.32,0.13
2084,843,59,1,25709.57,0.09
2085,844,61,1,47275.24,0.24
2086,844,43,4,10874.97,0.16
2087,844,47,4,42933.47,0.26
2088,845,59,1,25709.57,0.14
2089,845,56,1,21104.93,0.04
2090,846,55,1,2713.71,0.16
2091,846,44,2,11725.63,0.09
2092,846,38,4,2622.87,0.01
2093,847,5,2,18635.53,0.03
2094,847,51,1,1385.43,0.04
2095,847,32,2,3120.45,0.19
2096,848,6,1,11766.71,0.04
2097,848,10,1,3253.53,0.11
2098,848,42,1,27753.97,0.1
2099,848,48,3,49376.61,0.13
2100,849,25,5,46957.75,0.08
2101,850,48,5,49376.61,0.14
2102,851,52,2,17975.29,0.2
2103,852,17,5,26922.58,0.24
2104,852,36,3,10683.08,0.03
2105,852,35,2,22789.4,0.01
2106,852,60,3,22654.07,0.07
2107,853,50,3,5584.32,0.1
2108,853,61,3,47275.24,0.25
2109,853,2,2,33673.14,0.14
2110,854,33,4,9570.45,0.17
2111,854,52,3,17975.29,0.02
2112,854,5,5,18635.53,0.11
2113,854,11,3,23265.95,0.23
2114,855,46,4,29838.48,0.3
2115,855,56,1,21104.93,0.23
2116,856,49,1,12606.64,0.12
2117,856,16,2,4948.88,0.3
2118,857,46,3,29838.48,0.23
2119,857,28,1,47531.7,0.2
2120,857,54,3,886.48,0.15
2121,857,36,5,10683.08,0.12
2122,858,23,3,32779.6,0
2123,858,52,3,17975.29,0.23
2124,859,53,2,11971.79,0.18
2125,859,25,5,46957.75,0.3
2126,859,4,5,41137.62,0.17
2127,859,29,4,18197.03,0.28
2128,860,48,1,49376.61,0.22
2129,861,59,2,25709.57,0.05
2130,861,48,2,49376.61,0.1
2131,862,32,4,3120.45,0.15
2132,862,57,1,37307.7,0.24
2133,862,31,3,48893.34,0.26
2134,862,23,2,32779.6,0.07
2135,863,50,5,5584.32,0.04
2136,863,10,5,3253.53,0.19
2137,863,54,5,886.48,0.21
2138,863,34,4,47454.64,0.14
2139,864,52,1,17975.29,0.03
2140,864,57,3,37307.7,0.23
2141,864,55,5,2713.71,0.23
2142,865,32,2,3120.45,0.08
2143,865,62,3,36388.43,0.19
2144,866,38,4,2622.87,0.21
2145,866,57,5,37307.7,0.08
2146,866,43,1,10874.97,0.23
2147,867,47,2,42933.47,0.17
2148,867,38,3,2622.87,0.14
2149,867,40,4,39369.21,0.2
2150,868,33,5,9570.45,0.09
2151,868,30,5,18429.01,0
2152,868,4,3,41137.62,0.22
2153,868,28,5,47531.7,0.12
2154,869,49,5,12606.64,0.14
2155,869,63,4,43361.35,0.27
2156,869,22,1,7809.69,0.2
2157,870,20,5,47303.11,0.23
2158,870,36,1,10683.08,0.19
2159,871,26,1,1731.54,0.12
2160,871,47,1,42933.47,0.29
2161,872,58,5,22467.93,0.16
2162,873,23,1,32779.6,0.22
2163,873,6,1,11766.71,0.27
2164,873,35,2,22789.4,0.16
2165,873,36,1,10683.08,0.06
2166,874,7,3,31014.39,0.24
2167,875,61,2,47275.24,0.03
2168,876,56,1,21104.93,0.22
2169,877,33,4,9570.45,0.18
2170,878,39,3,12253.09,0.08
2171,878,34,5,47454.64,0.15
2172,878,32,4,3120.45,0.03
2173,879,64,4,15150.35,0.2
2174,879,21,1,29407.28,0.28
2175,879,23,4,32779.6,0.1
2176,879,9,5,30542.1,0.25
2177,880,41,3,3522.65,0.28
2178,880,61,2,47275.24,0.17
2179,880,14,2,47317.45,0.1
2180,881,61,2,47275.24,0.28
2181,881,54,4,886.48,0.28
2182,881,35,3,22789.4,0.11
2183,882,55,1,2713.71,0.23
2184,882,51,4,1385.43,0.02
2185,882,54,4,886.48,0.11
2186,883,33,3,9570.45,0.01
2187,883,38,4,2622.87,0.24
2188,884,36,2,10683.08,0.1
2189,884,14,4,47317.45,0.28
2190,884,10,5,3253.53,0.14
2191,884,32,1,3120.45,0.23
2192,885,8,5,28113.23,0.11
2193,885,13,3,5921.13,0.03
2194,885,44,2,11725.63,0.26
2195,885,36,1,10683.08,0.1
2196,886,12,2,15178.29,0.1
2197,886,57,5,37307.7,0.23
2198,887,9,3,30542.1,0.27
2199,887,41,4,3522.65,0.22
2200,888,47,3,42933.47,0.18
2201,888,43,1,10874.97,0.04
2202,888,26,4,1731.54,0.13
2203,888,34,4,47454.64,0.24
2204,889,5,5,18635.53,0.1
2205,889,42,1,27753.97,0.22
2206,889,63,5,43361.35,0.03
2207,889,37,5,29896.58,0.23
2208,890,10,3,3253.53,0.14
2209,890,56,2,21104.93,0.2
2210,891,3,5,13180.85,0.25
2211,891,52,1,17975.29,0
2212,891,38,3,2622.87,0.13
2213,891,1,3,6266.08,0.26
2214,892,46,2,29838.48,0.23
2215,892,20,2,47303.11,0.09
2216,893,45,3,7461.95,0.26
2217,893,9,2,30542.1,0.2
2218,894,28,1,47531.7,0.04
2219,894,46,4,29838.48,0.04
2220,895,58,4,22467.93,0.12
2221,896,16,2,4948.88,0.04
2222,896,21,4,29407.28,0.22
2223,897,47,4,42933.47,0.08
2224,898,52,3,17975.29,0.25
2225,898,13,4,5921.13,0.28
2226,898,46,3,29838.48,0.07
2227,898,47,1,42933.47,0.2
2228,899,19,2,47473.1,0.05
2229,900,5,3,18635.53,0.19
2230,900,8,2,28113.23,0.13
2231,900,27,2,10940.76,0.28
2232,900,38,2,2622.87,0.22
2233,901,64,2,15150.35,0.09
2234,902,4,3,41137.62,0.01
2235,903,22,3,7809.69,0.27
2236,903,21,1,29407.28,0.13
2237,903,13,1,5921.13,0.03
2238,903,2,4,33673.14,0.14
2239,904,61,3,47275.24,0.2
2240,904,33,3,9570.45,0.29
2241,904,17,1,26922.58,0.14
2242,905,19,1,47473.1,0.22
2243,905,29,4,18197.03,0.08
2244,906,39,4,12253.09,0.2
2245,906,43,5,10874.97,0.16
2246,907,5,1,18635.53,0.24
2247,907,50,2,5584.32,0
2248,908,2,2,33673.14,0.19
2249,908,62,5,36388.43,0.12
2250,908,45,2,7461.95,0.14
2251,909,44,3,11725.63,0.24
2252,909,24,4,24517.42,0.23
2253,909,33,4,9570.45,0.2
2254,910,55,1,2713.71,0.07
2255,910,4,4,41137.62,0.25
2256,910,17,1,26922.58,0.17
2257,911,11,2,23265.95,0.25
2258,911,24,2,24517.42,0.23
2259,911,51,2,1385.43,0.22
2260,911,25,3,46957.75,0.16
2261,912,30,2,18429.01,0.03
2262,912,22,2,7809.69,0.19
2263,912,48,5,49376.61,0.07
2264,913,36,4,10683.08,0.09
2265,913,7,5,31014.39,0.29
2266,914,10,3,3253.53,0.21
2267,915,53,2,11971.79,0.04
2268,916,25,2,46957.75,0.29
2269,916,32,3,3120.45,0.04
2270,916,45,4,7461.95,0.04
2271,916,10,5,3253.53,0.28
2272,917,2,5,33673.14,0.03
2273,917,16,5,4948.88,0.14
2274,917,40,4,39369.21,0.09
2275,918,44,3,11725.63,0.28
2276,919,22,5,7809.69,0.03
2277,919,63,5,43361.35,0.29
2278,919,38,3,2622.87,0.07
2279,919,29,4,18197.03,0.25
2280,920,33,3,9570.45,0.29
2281,920,43,1,10874.97,0
2282,920,54,4,886.48,0.07
2283,921,63,5,43361.35,0.18
2284,922,14,5,47317.45,0.25
2285,923,47,4,42933.47,0.22
2286,923,54,1,886.48,0.1
2287,924,56,1,21104.93,0.19
2288,924,4,3,41137.62,0.03
2289,924,28,4,47531.7,0.24
2290,924,24,4,24517.42,0.25
2291,925,58,4,22467.93,0.21
2292,925,7,3,31014.39,0.23
2293,925,42,2,27753.97,0.06
2294,926,64,3,15150.35,0.11
2295,926,12,5,15178.29,0.22
2296,927,41,2,3522.65,0.08
2297,927,64,4,15150.35,0.11
2298,927,24,4,24517.42,0.27
2299,927,49,2,12606.64,0.29
2300,928,23,2,32779.6,0.03
2301,928,51,5,1385.43,0.27
2302,928,10,4,3253.53,0.26
2303,929,50,3,5584.32,0.18
2304,929,14,1,47317.45,0.1
2305,930,4,2,41137.62,0.07
2306,930,64,2,15150.35,0.13
2307,930,29,2,18197.03,0.04
2308,931,54,5,886.48,0.17
2309,931,25,5,46957.75,0.27
2310,931,53,4,11971.79,0.22
2311,931,24,3,24517.42,0.24
2312,932,46,3,29838.48,0.26
2313,932,10,2,3253.53,0.24
2314,932,18,5,22735.82,0.04
2315,933,30,3,18429.01,0.22
2316,934,59,5,25709.57,0.13
2317,935,8,1,28113.23,0.2
2318,935,45,1,7461.95,0.29
2319,935,62,3,36388.43,0.17
2320,935,19,1,47473.1,0.21
2321,936,40,5,39369.21,0.24
2322,936,39,5,12253.09,0.28
2323,936,43,2,10874.97,0.23
2324,936,30,5,18429.01,0.09
2325,937,9,5,30542.1,0.12
2326,938,4,1,41137.62,0.1
2327,938,64,1,15150.35,0.28
2328,939,18,3,22735.82,0.11
2329,939,44,4,11725.63,0.26
2330,939,24,4,24517.42,0.03
2331,939,13,3,5921.13,0.12
2332,940,33,1,9570.45,0.26
2333,941,1,1,6266.08,0.1
2334,941,2,3,33673.14,0.01
2335,942,64,5,15150.35,0.07
2336,942,24,3,24517.42,0.03
2337,943,23,5,32779.6,0.01
2338,943,20,5,47303.11,0.27
2339,943,57,1,37307.7,0.24
2340,943,4,3,41137.62,0.28
2341,944,64,2,15150.35,0.18
2342,945,15,3,49795.78,0.04
2343,945,9,4,30542.1,0.06
2344,945,44,4,11725.63,0.01
2345,945,32,1,3120.45,0.27
2346,946,51,3,1385.43,0.04
2347,946,26,2,1731.54,0.09
2348,946,37,4,29896.58,0.12
2349,947,42,5,27753.97,0.15
2350,948,25,1,46957.75,0.09
2351,949,4,1,41137.62,0.29
2352,950,23,1,32779.6,0.14
2353,950,48,2,49376.61,0.27
2354,950,6,3,11766.71,0.02
2355,950,28,2,47531.7,0.15
2356,951,27,2,10940.76,0.2
2357,951,15,3,49795.78,0.3
2358,951,38,4,2622.87,0.25
2359,951,1,3,6266.08,0.28
2360,952,55,3,2713.71,0.12
2361,952,40,1,39369.21,0.12
2362,952,27,4,10940.76,0.11
2363,953,6,1,11766.71,0.19
2364,953,58,1,22467.93,0.05
2365,953,17,4,26922.58,0.02
2366,953,29,5,18197.03,0.1
2367,954,34,4,47454.64,0.25
2368,954,14,2,47317.45,0.29
2369,954,16,5,4948.88,0.25
2370,955,14,4,47317.45,0.06
2371,955,15,1,49795.78,0.07
2372,955,30,5,18429.01,0.11
2373,955,5,2,18635.53,0.13
2374,956,6,3,11766.71,0.26
2375,956,2,3,33673.14,0.28
2376,956,20,3,47303.11,0.14
2377,957,9,2,30542.1,0.1
2378,957,29,4,18197.03,0.01
2379,957,24,4,24517.42,0.02
2380,958,41,1,3522.65,0.21
2381,958,8,4,28113.23,0.16
2382,959,19,1,47473.1,0.21
2383,960,16,1,4948.88,0.19
2384,960,29,4,18197.03,0.28
2385,960,5,4,18635.53,0.08
2386,960,10,5,3253.53,0.12
2387,961,59,4,25709.57,0.16
2388,961,62,3,36388.43,0.07
2389,961,20,3,47303.11,0.19
2390,962,56,3,21104.93,0.04
2391,963,46,4,29838.48,0.13
2392,963,27,4,10940.76,0.14
2393,964,42,5,27753.97,0.06
2394,964,52,2,17975.29,0.21
2395,964,18,5,22735.82,0.06
2396,965,48,2,49376.61,0.14
2397,965,40,5,39369.21,0.2
2398,965,28,3,47531.7,0.27
2399,965,51,5,1385.43,0.12
2400,966,56,2,21104.93,0.12
2401,966,24,2,24517.42,0.08
2402,966,57,5,37307.7,0.23
2403,966,4,4,41137.62,0.17
2404,967,17,3,26922.58,0.18
2405,967,63,5,43361.35,0.16
2406,968,2,1,33673.14,0.1
2407,969,40,3,39369.21,0.19
2408,969,9,3,30542.1,0.18
2409,970,13,2,5921.13,0.12
2410,970,21,5,29407.28,0.27
2411,970,20,4,47303.11,0.05
2412,971,19,4,47473.1,0.03
2413,972,22,5,7809.69,0.17
2414,972,3,4,13180.85,0.27
2415,972,47,4,42933.47,0.28
2416,972,57,5,37307.7,0.1
2417,973,39,2,12253.09,0.03
2418,973,51,2,1385.43,0.29
2419,974,54,2,886.48,0.11
2420,975,41,3,3522.65,0.08
2421,975,22,4,7809.69,0.1
2422,975,7,3,31014.39,0.22
2423,975,31,4,48893.34,0.2
2424,976,39,4,12253.09,0.06
2425,977,43,3,10874.97,0.04
2426,977,47,3,42933.47,0.22
2427,977,55,5,2713.71,0.06
2428,977,53,3,11971.79,0.08
2429,978,17,1,26922.58,0.07
2430,979,10,1,3253.53,0.22
2431,980,43,2,10874.97,0.06
2432,980,14,1,47317.45,0.06
2433,980,16,1,4948.88,0
2434,980,8,2,28113.23,0.06
2435,981,26,3,1731.54,0.22
2436,981,64,5,15150.35,0.26
2437,981,24,1,24517.42,0.13
2438,981,61,5,47275.24,0
2439,982,10,2,3253.53,0.06
2440,983,37,3,29896.58,0.22
2441,983,28,5,47531.7,0
2442,983,55,3,2713.71,0.08
2443,983,33,2,9570.45,0.02
2444,984,58,1,22467.93,0.29
2445,985,34,3,47454.64,0.14
2446,986,41,1,3522.65,0.21
2447,986,25,4,46957.75,0.14
2448,986,30,4,18429.01,0.1
2449,986,22,4,7809.69,0.14
2450,987,4,2,41137.62,0.12
2451,987,18,1,22735.82,0.13
2452,987,41,2,3522.65,0.05
2453,987,49,2,12606.64,0.07
2454,988,26,4,1731.54,0.05
2455,988,3,5,13180.85,0.08
2456,988,64,2,15150.35,0.15
2457,989,8,3,28113.23,0.21
2458,989,46,5,29838.48,0.09
2459,989,14,2,47317.45,0.16
2460,989,9,4,30542.1,0.24
2461,990,40,5,39369.21,0.04
2462,990,55,3,2713.71,0.1
2463,990,16,3,4948.88,0.24
2464,991,58,3,22467.93,0.13
2465,992,44,2,11725.63,0.29
2466,992,43,5,10874.97,0.29
2467,992,25,2,46957.75,0.21
2468,993,41,5,3522.65,0.26
2469,994,60,4,22654.07,0.23
2470,994,35,3,22789.4,0.21
2471,994,9,3,30542.1,0.25
2472,994,58,1,22467.93,0.14
2473,995,19,3,47473.1,0.18
2474,995,35,5,22789.4,0.06
2475,995,41,2,3522.65,0.29
2476,995,63,5,43361.35,0.18
2477,996,49,1,12606.64,0.09
2478,996,55,2,2713.71,0.04
2479,997,19,5,47473.1,0.13
2480,997,58,3,22467.93,0.03
2481,997,49,3,12606.64,0.14
2482,997,21,2,29407.28,0.21
2483,998,3,3,13180.85,0.17
2484,998,16,3,4948.88,0.04
2485,998,7,4,31014.39,0.17
2486,999,5,5,18635.53,0.23
2487,999,37,1,29896.58,0.26
2488,999,42,1,27753.97,0.22
2489,1000,20,5,47303.11,0.05
2490,1000,14,2,47317.45,0.03
